PLAYER,TEAM,MP,FG,FGA,FG%,3P,3PA,3P%,FT,FTA,FT%,ORB,DRB,TRB,AST,STL,BLK,TOV,PF,PTS,+/-,STARTER,HOME,GP
Aaron Gordon,DEN,29.2616,5.25,9.375,0.5936,0.75,2.5,0.3875,1.375,2.25,0.4791,1.875,4.25,6.125,1.625,0.5,0.875,2.125,2.5,12.625,9.875,1.0,0.375,8
Aaron Henry,PHI,0.6887,0.0,0.3333,0.0,0.0,0.3333,0.0,0.0,0.0,0.0,0.0,0.0,0.0,0.0,0.0,0.0,0.0,0.0,0.0,-2.0,0.0,0.3333,3
Aaron Holiday,WAS,16.2241,2.0,4.5,0.4495,0.875,1.75,0.5416,0.75,0.875,0.3438,0.125,1.375,1.5,1.375,0.125,0.375,1.125,1.5,5.625,1.25,0.25,0.5,8
Aaron Nesmith,BOS,3.7985,0.125,1.375,0.125,0.125,1.25,0.125,0.0,0.0,0.0,0.25,0.25,0.5,0.375,0.125,0.0,0.125,0.625,0.375,-5.125,0.0,0.375,8
Aaron Wiggins,OKC,0.0,0.0,0.0,0.0,0.0,0.0,0.0,0.0,0.0,0.0,0.0,0.0,0.0,0.0,0.0,0.0,0.0,0.0,0.0,0.0,0.0,1.0,2
Abdel Nader,PHO,8.1056,0.6667,2.1667,0.2143,0.1667,0.8333,0.1667,0.5,0.6667,0.25,0.1667,1.0,1.1667,0.3333,0.3333,0.0,0.5,0.3333,2.0,-1.8333,0.0,0.6667,6
Al Horford,BOS,30.1082,5.1667,11.5,0.4406,1.3333,4.3333,0.2493,2.3333,2.5,0.6482,1.6667,9.0,10.6667,3.6667,1.1667,3.1667,1.5,2.1667,14.0,1.8333,1.0,0.5,6
Alec Burks,NYK,17.9585,2.625,6.25,0.4446,1.625,3.875,0.486,1.25,1.5,0.4271,0.0,2.625,2.625,1.875,0.875,0.25,0.625,1.375,8.125,2.0,0.0,0.5,8
Aleksej Pokusevski,OKC,14.0903,2.1429,5.0,0.3486,0.7143,2.7143,0.2313,0.5714,0.8571,0.2857,0.5714,3.5714,4.1429,1.1429,0.7143,0.4286,1.4286,0.8571,5.5714,-4.5714,0.0,0.4286,7
Alex Caruso,CHI,27.9105,2.75,5.875,0.4776,0.875,2.125,0.3749,1.625,1.875,0.5,0.375,1.875,2.25,4.125,2.5,0.5,1.875,2.75,8.0,3.875,0.0,0.5,8
Alex Len,SAC,11.6362,1.75,3.125,0.3396,0.25,0.5,0.125,1.0,1.25,0.2188,0.25,2.375,2.625,0.75,0.375,1.0,0.875,2.625,4.75,-0.875,0.0,0.375,8
Alize Johnson,CHI,6.0817,0.875,1.25,0.3125,0.0,0.0,0.0,0.25,0.375,0.0834,0.5,1.25,1.75,0.375,0.125,0.0,0.375,0.875,2.0,-2.25,0.0,0.5,8
Alperen Şengün,HOU,20.0188,2.7143,6.2857,0.4393,0.2857,1.1429,0.2143,2.8571,3.7143,0.5594,1.4286,3.0,4.4286,2.1429,2.2857,0.4286,3.0,3.4286,8.5714,-0.8571,0.1429,0.4286,7
Amir Coffey,LAC,7.4166,0.5,2.1667,0.111,0.3333,1.6667,0.0972,1.1667,1.1667,0.3333,0.1667,0.8333,1.0,0.3333,0.0,0.0,0.0,0.6667,2.5,0.5,0.0,0.5,6
Andre Drummond,PHI,15.8339,2.0,4.25,0.3986,0.0,0.125,0.0,1.25,1.375,0.4584,2.125,6.0,8.125,2.25,1.625,0.75,2.0,2.25,5.25,3.625,0.125,0.625,8
Andre Iguodala,GSW,20.9888,1.5,3.6667,0.434,0.6667,2.1667,0.2888,0.3333,0.6667,0.1667,0.6667,4.0,4.6667,2.8333,0.6667,0.6667,0.5,0.8333,4.0,6.3333,0.0,0.6667,6
Andrew Wiggins,GSW,29.9092,6.0,13.5714,0.4394,2.0,5.1429,0.3833,1.8571,2.4286,0.55,1.4286,3.2857,4.7143,1.8571,1.0,0.4286,1.2857,1.4286,15.8571,5.4286,1.0,0.5714,7
Anfernee Simons,POR,23.2952,5.5,10.75,0.5369,2.625,6.125,0.416,0.625,0.625,0.375,0.25,2.125,2.375,2.125,0.625,0.0,1.0,1.625,14.25,2.25,0.0,0.5,8
Anthony Davis,LAL,35.6715,10.125,20.125,0.4994,0.375,2.5,0.1291,4.375,6.0,0.653,3.75,7.375,11.125,2.625,0.875,2.375,2.25,1.875,25.0,-0.125,1.0,0.75,8
Anthony Edwards,MIN,35.8136,9.1429,21.7143,0.4207,2.8571,9.2857,0.2841,2.7143,3.2857,0.7261,2.0,5.2857,7.2857,3.4286,1.2857,0.2857,3.0,1.8571,23.8571,3.2857,1.0,0.8571,7
Anthony Gill,WAS,0.0,0.0,0.0,0.0,0.0,0.0,0.0,0.0,0.0,0.0,0.0,0.0,0.0,0.0,0.0,0.0,0.0,0.0,0.0,0.0,0.0,0.0,1
Armoni Brooks,HOU,5.7245,0.8571,2.4286,0.2263,0.5714,1.8571,0.1951,0.4286,0.4286,0.4286,0.1429,0.1429,0.2857,0.2857,0.0,0.0,0.0,0.7143,2.7143,2.2857,0.0,0.4286,7
Arnoldas Kulboka,CHO,0.0,0.0,0.0,0.0,0.0,0.0,0.0,0.0,0.0,0.0,0.0,0.0,0.0,0.0,0.0,0.0,0.0,0.0,0.0,0.0,0.0,0.5,2
Austin Reaves,LAL,17.4638,1.625,3.125,0.45,0.625,1.875,0.2084,0.5,0.5,0.25,0.0,1.375,1.375,0.75,0.125,0.25,0.875,1.625,4.375,3.125,0.0,0.75,8
Austin Rivers,DEN,9.024,0.625,2.25,0.2604,0.25,1.0,0.1875,0.125,0.25,0.0625,0.125,0.5,0.625,0.625,0.125,0.0,0.75,0.5,1.625,-4.0,0.0,0.375,8
Avery Bradley,LAL,16.2449,1.5,3.625,0.2935,0.75,2.125,0.3021,0.0,0.0,0.0,0.5,0.875,1.375,0.375,0.5,0.125,0.375,1.25,3.75,-1.25,0.25,0.75,8
Ayo Dosunmu,CHI,11.2132,1.5,3.625,0.276,0.625,1.125,0.2916,0.125,0.25,0.0625,0.25,1.375,1.625,0.875,0.125,0.25,0.5,0.625,3.75,2.5,0.0,0.5,8
Bam Adebayo,MIA,31.6844,7.5,14.6667,0.5127,0.0,0.0,0.0,5.8333,6.8333,0.8298,2.8333,11.0,13.8333,1.5,0.8333,0.6667,2.8333,2.6667,20.8333,10.3333,1.0,0.5,6
Ben McLemore,POR,2.1622,0.375,1.0,0.0938,0.25,0.875,0.0625,0.25,0.25,0.125,0.0,0.0,0.0,0.125,0.0,0.0,0.125,0.0,1.25,-0.375,0.0,0.5,8
Ben Simmons,PHI,0.0,0.0,0.0,0.0,0.0,0.0,0.0,0.0,0.0,0.0,0.0,0.0,0.0,0.0,0.0,0.0,0.0,0.0,0.0,0.0,0.0,0.0,1
Blake Griffin,BRK,21.5132,1.7143,6.2857,0.3083,0.5714,3.4286,0.148,1.1429,1.4286,0.7381,1.1429,4.0,5.1429,1.2857,0.4286,0.4286,0.5714,2.0,5.1429,0.8571,1.0,0.7143,7
Boban Marjanović,DAL,3.6607,1.625,2.125,0.225,0.0,0.0,0.0,0.375,1.0,0.1562,0.5,0.75,1.25,0.125,0.0,0.125,0.625,1.0,3.625,1.375,0.0,0.5,8
Bobby Portis,MIL,19.0021,4.6667,11.6667,0.4046,0.6667,3.3333,0.2333,1.0,1.3333,0.5,2.0,3.3333,5.3333,0.3333,0.3333,0.6667,1.3333,3.0,11.0,-2.0,0.0,0.6667,3
Bogdan Bogdanović,ATL,29.509,4.375,9.625,0.4526,1.875,4.5,0.4645,1.0,1.0,0.625,0.625,3.25,3.875,2.5,1.0,0.125,1.0,2.25,11.625,-1.625,1.0,0.375,8
Bojan Bogdanović,UTA,30.0288,5.7143,12.5714,0.449,1.7143,5.4286,0.3141,3.5714,3.8571,0.7571,1.0,3.5714,4.5714,1.1429,0.7143,0.0,1.4286,1.4286,16.7143,10.8571,1.0,0.4286,7
Bol Bol,DEN,1.2707,0.375,0.75,0.125,0.0,0.125,0.0,0.0,0.0,0.0,0.0,0.375,0.375,0.125,0.125,0.0,0.0,0.25,0.75,0.25,0.0,0.375,8
Bones Hyland,DEN,9.1943,1.875,4.25,0.2911,1.0,2.75,0.227,0.0,0.0,0.0,0.125,0.75,0.875,1.375,0.75,0.125,0.375,0.75,4.75,2.0,0.0,0.375,8
Brad Wanamaker,IND,7.437,0.4444,1.8889,0.1,0.2222,0.4444,0.1667,0.3333,0.4444,0.0833,0.3333,0.8889,1.2222,1.2222,0.0,0.4444,0.8889,1.1111,1.4444,-1.1111,0.0,0.5556,9
Bradley Beal,WAS,36.8313,9.0,23.2857,0.39,1.8571,7.5714,0.2423,4.5714,4.5714,0.8571,1.0,4.7143,5.7143,4.8571,1.7143,0.5714,3.5714,1.7143,24.4286,0.2857,1.0,0.4286,7
Brandon Boston,LAC,1.4727,0.1667,0.5,0.0555,0.0,0.0,0.0,0.1667,0.3333,0.0833,0.0,0.1667,0.1667,0.1667,0.0,0.0,0.0,0.1667,0.5,-0.8333,0.0,0.6667,6
Brandon Clarke,MEM,8.3184,1.125,2.375,0.3,0.0,0.25,0.0,0.375,0.875,0.1459,0.75,1.375,2.125,0.625,0.125,0.25,0.125,1.0,2.625,0.25,0.0,0.5,8
Brandon Ingram,NOP,31.7398,8.8571,19.0,0.3997,2.1429,4.7143,0.3946,1.5714,2.2857,0.5571,0.8571,5.4286,6.2857,4.1429,0.2857,0.4286,3.0,2.4286,21.4286,-6.0,0.8571,0.4286,7
Brodric Thomas,BOS,0.0,0.0,0.0,0.0,0.0,0.0,0.0,0.0,0.0,0.0,0.0,0.0,0.0,0.0,0.0,0.0,0.0,0.0,0.0,0.0,0.0,0.0,1
Brook Lopez,MIL,14.085,1.5,4.5,0.1665,1.0,2.0,0.25,0.0,0.0,0.0,1.0,1.5,2.5,0.0,0.5,1.5,0.0,1.5,4.0,0.0,0.5,0.5,2
Bruce Brown,BRK,21.7395,3.0,6.0,0.3599,0.375,1.375,0.125,0.375,0.5,0.1875,0.75,2.75,3.5,0.5,1.25,0.625,0.625,1.75,6.75,-0.125,0.625,0.75,8
Bruno Fernando,BOS,0.5022,0.0,0.0,0.0,0.0,0.0,0.0,0.0,0.0,0.0,0.0,0.0,0.0,0.1429,0.0,0.0,0.1429,0.2857,0.0,-0.8571,0.0,0.4286,7
Bryn Forbes,SAS,13.5968,2.125,5.25,0.3307,1.25,3.125,0.2767,0.25,0.5,0.125,0.125,0.75,0.875,0.375,0.125,0.0,0.875,0.875,5.75,-3.25,0.0,0.5,8
Buddy Hield,SAC,27.8234,5.5,13.125,0.4249,4.0,9.875,0.425,1.75,2.0,0.5312,0.875,4.875,5.75,1.5,0.875,0.25,1.875,2.375,16.75,2.0,0.0,0.375,8
CJ Elleby,POR,3.2777,0.375,1.0,0.15,0.125,0.375,0.125,0.0,0.0,0.0,0.0,0.875,0.875,0.125,0.0,0.0,0.375,0.375,0.875,-0.5,0.0,0.5,8
CJ McCollum,POR,34.3436,8.75,20.125,0.4307,4.125,9.625,0.4209,1.75,2.5,0.5416,1.0,3.125,4.125,3.75,1.375,1.125,2.5,2.25,23.375,-1.25,1.0,0.5,8
Cade Cunningham,DET,24.0781,1.5,11.0,0.134,0.0,7.0,0.0,1.0,1.0,0.5,1.0,3.5,4.5,2.5,0.0,0.5,2.0,1.0,4.0,-10.5,1.0,1.0,2
Caleb Martin,MIA,10.47,1.6,2.8,0.52,0.2,0.8,0.2,0.4,0.8,0.1,0.4,1.4,1.8,0.4,1.0,0.4,0.6,1.2,3.8,2.2,0.0,0.2,5
Cam Reddish,ATL,24.065,5.0,11.5,0.3952,2.0,4.875,0.3911,2.25,2.625,0.6562,0.875,2.125,3.0,1.125,1.125,0.125,1.875,1.125,14.25,-4.5,0.0,0.375,8
Cameron Johnson,PHO,21.0042,2.5,7.6667,0.3097,1.5,4.6667,0.311,0.3333,0.5,0.25,0.5,2.1667,2.6667,0.8333,0.6667,0.3333,0.1667,1.3333,6.8333,-4.0,0.0,0.6667,6
Cameron Payne,PHO,5.525,0.6667,2.3333,0.0888,0.1667,1.0,0.0555,0.8333,1.3333,0.2112,0.1667,0.6667,0.8333,1.1667,0.1667,0.0,0.6667,0.5,2.3333,2.5,0.0,0.6667,6
Cameron Thomas,BRK,2.0832,0.0,0.75,0.0,0.0,0.25,0.0,0.25,0.25,0.125,0.0,0.125,0.125,0.125,0.0,0.0,0.125,0.0,0.25,-1.625,0.0,0.75,8
Caris LeVert,IND,23.4062,6.6667,15.6667,0.4534,1.6667,5.0,0.3206,2.3333,4.0,0.5557,0.0,1.6667,1.6667,4.6667,1.0,1.0,1.6667,1.3333,17.3333,10.6667,1.0,1.0,3
Carmelo Anthony,LAL,27.2673,5.875,11.375,0.4928,3.375,6.375,0.5021,1.375,1.75,0.625,0.5,3.125,3.625,0.875,0.625,0.875,1.0,2.125,16.5,3.125,0.0,0.75,8
Cedi Osman,CLE,15.386,2.8889,5.6667,0.377,2.1111,4.2222,0.3653,0.3333,0.5556,0.1297,0.3333,1.2222,1.5556,1.2222,0.2222,0.0,0.7778,1.0,8.2222,-1.1111,0.0,0.3333,9
Chandler Hutchison,PHO,1.0697,0.1667,0.1667,0.1667,0.0,0.0,0.0,0.0,0.0,0.0,0.0,0.3333,0.3333,0.0,0.0,0.0,0.3333,0.1667,0.3333,0.8333,0.0,0.6667,6
Charles Bassey,PHI,0.8313,0.25,0.375,0.1875,0.0,0.125,0.0,0.0,0.0,0.0,0.125,0.125,0.25,0.0,0.0,0.0,0.0,0.125,0.5,0.125,0.0,0.625,8
Chimezie Metu,SAC,0.0,0.0,0.0,0.0,0.0,0.0,0.0,0.0,0.0,0.0,0.0,0.0,0.0,0.0,0.0,0.0,0.0,0.0,0.0,0.0,0.0,0.375,8
Chris Boucher,TOR,14.5365,2.1111,6.3333,0.3388,0.6667,3.3333,0.1927,0.6667,1.0,0.3333,1.4444,2.7778,4.2222,0.2222,0.7778,0.8889,0.4444,1.4444,5.5556,1.8889,0.0,0.5556,9
Chris Chiozza,GSW,10.5488,1.0,4.0,0.1665,1.0,3.0,0.2,0.0,0.0,0.0,0.5,1.0,1.5,1.0,1.0,0.0,0.5,1.0,3.0,2.0,0.0,0.5,2
Chris Duarte,IND,34.8101,6.4444,14.7778,0.4464,2.6667,6.2222,0.4182,1.3333,1.4444,0.4444,0.5556,4.0,4.5556,2.2222,1.0,0.1111,1.8889,2.3333,16.8889,2.0,1.0,0.5556,9
Chris Paul,PHO,31.8102,4.5,9.3333,0.4825,0.8333,2.0,0.2917,3.1667,4.0,0.6388,0.8333,3.5,4.3333,11.8333,2.0,0.3333,2.6667,2.1667,13.0,-3.6667,1.0,0.6667,6
Christian Wood,HOU,33.8782,7.7143,15.8571,0.4749,2.2857,5.8571,0.4047,2.4286,4.7143,0.5918,2.2857,9.8571,12.1429,2.0,0.7143,0.7143,1.5714,2.4286,20.1429,-6.0,1.0,0.4286,7
Chuma Okeke,ORL,17.7031,1.3333,5.3333,0.2684,0.6667,3.3333,0.0953,2.0,2.0,0.6667,1.0,2.0,3.0,1.0,1.0,0.0,1.0,1.0,5.3333,-1.3333,0.0,0.3333,3
Clint Capela,ATL,27.4595,4.5,8.0,0.6018,0.0,0.0,0.0,1.25,2.0,0.4688,3.875,7.5,11.375,0.625,0.625,1.5,0.5,2.625,10.25,-0.75,1.0,0.375,8
Cody Martin,CHO,24.6793,2.8889,6.1111,0.4752,0.8889,1.8889,0.4074,2.0,2.5556,0.5926,1.7778,2.8889,4.6667,2.3333,1.2222,0.4444,0.5556,1.5556,8.6667,-0.4444,0.0,0.4444,9
Cody Zeller,POR,16.5675,2.25,3.75,0.587,0.0,0.375,0.0,1.75,2.875,0.4293,2.125,3.0,5.125,1.0,0.375,0.25,0.75,2.625,6.25,-2.25,0.0,0.5,8
Cole Anthony,ORL,34.1826,6.2222,14.8889,0.4153,3.0,7.4444,0.4201,3.2222,3.8889,0.6398,0.4444,6.8889,7.3333,5.4444,0.7778,0.1111,2.4444,2.8889,18.6667,2.6667,1.0,0.3333,9
Collin Sexton,CLE,30.2412,6.6667,13.8889,0.4644,1.1111,4.1111,0.2132,3.2222,4.3333,0.7222,1.1111,2.2222,3.3333,1.8889,1.0,0.0,3.2222,2.4444,17.6667,-3.6667,1.0,0.3333,9
Corey Kispert,WAS,8.3652,0.625,1.5,0.3125,0.25,1.0,0.1041,0.375,0.5,0.1875,0.375,1.0,1.375,0.5,0.375,0.375,0.25,0.625,1.875,4.375,0.0,0.5,8
Cory Joseph,DET,20.3272,2.1429,5.8571,0.3647,0.5714,2.1429,0.2739,2.0,2.4286,0.5714,0.4286,0.7143,1.1429,2.8571,0.8571,0.2857,0.8571,1.2857,6.8571,-0.5714,0.0,0.4286,7
D'Angelo Russell,MIN,27.979,5.5,15.3333,0.3252,2.1667,7.5,0.2862,1.6667,2.1667,0.4028,0.1667,3.6667,3.8333,4.5,0.8333,0.6667,3.1667,1.8333,14.8333,5.6667,1.0,0.8333,6
D.J. Augustin,HOU,12.1902,1.1429,2.7143,0.4404,1.0,2.0,0.4763,0.1429,0.1429,0.1429,0.0,0.2857,0.2857,1.4286,0.1429,0.0,1.0,1.0,3.4286,-5.8571,0.0,0.4286,7
Dalano Banton,TOR,12.2352,1.8889,3.4444,0.4894,0.3333,0.6667,0.1852,0.5556,1.0,0.2222,0.2222,2.1111,2.3333,1.1111,0.7778,0.3333,0.7778,1.2222,4.6667,2.6667,0.0,0.5556,9
Damian Jones,SAC,0.0,0.0,0.0,0.0,0.0,0.0,0.0,0.0,0.0,0.0,0.0,0.0,0.0,0.0,0.0,0.0,0.0,0.0,0.0,0.0,0.0,0.375,8
Damian Lillard,POR,34.0545,6.875,19.5,0.3646,2.25,9.625,0.2474,3.5,4.0,0.9,0.375,3.5,3.875,8.5,0.625,0.0,2.625,2.0,19.5,0.5,1.0,0.5,8
Damion Lee,GSW,25.8923,4.8333,10.0,0.4813,2.5,5.0,0.522,2.1667,2.3333,0.625,0.3333,2.8333,3.1667,0.8333,0.1667,0.0,0.5,1.8333,14.3333,4.6667,0.0,0.5,6
Daniel Gafford,WAS,17.5248,3.0,4.6667,0.7388,0.0,0.0,0.0,1.5,2.0,0.5,2.0,2.1667,4.1667,0.1667,0.8333,1.8333,0.8333,2.1667,7.5,-3.0,1.0,0.3333,6
Daniel Theis,HOU,22.0136,2.6667,6.3333,0.4228,0.6667,2.6667,0.2083,1.5,1.8333,0.6667,1.3333,3.6667,5.0,0.5,0.0,0.3333,0.3333,2.5,7.5,-10.3333,1.0,0.5,6
Danilo Gallinari,ATL,16.4186,2.8,7.0,0.4074,1.4,3.4,0.4142,0.6,1.0,0.3,1.6,2.4,4.0,0.4,0.4,0.0,0.6,0.6,7.6,-2.6,0.0,0.2,5
Danny Green,PHI,23.3473,2.2857,4.8571,0.4238,2.0,4.5714,0.4071,0.0,0.0,0.0,0.2857,2.4286,2.7143,0.7143,1.1429,0.8571,0.5714,2.2857,6.5714,5.7143,1.0,0.5714,7
Danuel House,HOU,11.2747,1.0,2.6667,0.25,0.6667,1.6667,0.2223,0.6667,0.6667,0.3333,0.3333,2.6667,3.0,1.0,0.6667,0.0,0.3333,0.0,3.3333,1.0,0.0,0.6667,3
Darius Bazley,OKC,27.0716,3.8571,10.4286,0.3437,1.1429,5.2857,0.1454,1.8571,2.8571,0.45,0.5714,5.8571,6.4286,1.4286,1.0,1.0,2.0,0.4286,10.7143,-11.7143,1.0,0.4286,7
Darius Garland,CLE,32.3281,5.1429,11.2857,0.4769,2.2857,6.0,0.4047,2.0,2.4286,0.4948,0.1429,2.2857,2.4286,7.8571,1.2857,0.1429,4.1429,1.0,14.5714,0.5714,1.0,0.1429,7
Daulton Hommes,NOP,0.0,0.0,0.0,0.0,0.0,0.0,0.0,0.0,0.0,0.0,0.0,0.0,0.0,0.0,0.0,0.0,0.0,0.0,0.0,0.0,0.0,0.6667,3
David Duke,BRK,0.0,0.0,0.0,0.0,0.0,0.0,0.0,0.0,0.0,0.0,0.0,0.0,0.0,0.0,0.0,0.0,0.0,0.0,0.0,0.0,0.0,0.0,1
David Johnson,TOR,0.0778,0.0,0.0,0.0,0.0,0.0,0.0,0.0,0.0,0.0,0.0,0.0,0.0,0.0,0.0,0.0,0.0,0.0,0.0,-0.5,0.0,0.8333,6
David Nwaba,HOU,13.3692,1.7143,4.0,0.4083,0.0,0.8571,0.0,0.7143,1.4286,0.2143,0.4286,2.2857,2.7143,1.0,0.8571,0.2857,0.5714,1.4286,4.1429,-0.7143,0.0,0.4286,7
Davion Mitchell,SAC,27.2337,4.0,10.125,0.352,1.0,4.625,0.1496,0.5,1.0,0.1875,0.0,2.0,2.0,3.5,0.75,0.25,0.875,2.25,9.5,-2.125,0.0,0.375,8
Day'Ron Sharpe,BRK,1.9639,0.4286,0.5714,0.2857,0.1429,0.2857,0.1429,0.0,0.2857,0.0,0.1429,0.1429,0.2857,0.0,0.0,0.0,0.0,0.2857,1.0,-0.4286,0.0,0.8571,7
De'Aaron Fox,SAC,36.4216,6.875,17.875,0.3877,1.0,5.25,0.2096,3.125,5.0,0.5554,1.125,3.125,4.25,6.5,1.25,0.25,3.5,3.125,17.875,-0.125,1.0,0.375,8
De'Andre Hunter,ATL,28.8424,5.2857,11.1429,0.4823,1.8571,3.8571,0.5,0.4286,0.7143,0.2143,0.4286,2.2857,2.7143,0.4286,0.5714,0.4286,1.7143,2.7143,12.8571,0.1429,1.0,0.2857,7
De'Anthony Melton,MEM,29.0865,4.75,11.375,0.3905,2.375,5.75,0.4006,0.75,1.0,0.25,1.0,3.875,4.875,2.625,1.625,0.875,1.375,2.125,12.625,2.25,1.0,0.5,8
DeAndre Jordan,LAL,14.1949,2.75,3.25,0.8771,0.0,0.0,0.0,0.125,0.25,0.0625,1.75,4.0,5.75,0.625,0.375,1.25,0.625,2.125,5.625,-0.25,0.75,0.75,8
DeAndre' Bembry,BRK,10.9801,1.625,3.125,0.2812,0.25,0.625,0.125,0.75,0.875,0.3438,0.25,1.625,1.875,0.5,1.0,0.375,0.875,1.5,4.25,1.625,0.0,0.75,8
DeJon Jarreau,IND,0.2834,0.0,0.0,0.0,0.0,0.0,0.0,0.0,0.0,0.0,0.0,0.0,0.0,0.0,0.0,0.0,0.0,0.0,0.0,0.6667,0.0,0.3333,3
DeMar DeRozan,CHI,34.8591,9.875,19.5,0.4998,0.875,2.25,0.3125,6.375,7.25,0.798,0.75,5.25,6.0,3.625,0.875,0.5,1.625,2.0,27.0,8.625,1.0,0.5,8
Dean Wade,CLE,8.0087,0.875,2.0,0.2702,0.375,1.375,0.1041,0.0,0.0,0.0,0.5,1.375,1.875,0.5,0.125,0.0,0.125,1.125,2.125,0.625,0.125,0.375,8
Deandre Ayton,PHO,24.8124,5.0,8.0,0.5083,0.1667,0.6667,0.0555,1.3333,2.1667,0.4305,2.1667,7.3333,9.5,1.1667,1.1667,0.5,1.0,1.5,11.5,0.8333,0.8333,0.6667,6
Dejounte Murray,SAS,34.1604,7.5,16.875,0.4544,1.5,4.25,0.3211,1.75,2.5,0.4229,0.625,7.125,7.75,8.375,2.0,0.375,2.0,2.375,18.25,1.25,1.0,0.5,8
Delon Wright,ATL,10.0904,1.0,2.375,0.4291,0.125,0.625,0.125,0.0,0.0,0.0,0.875,1.375,2.25,1.875,0.375,0.0,0.625,0.25,2.125,1.375,0.0,0.375,8
Deni Avdija,WAS,20.4602,2.0,4.75,0.5098,0.625,2.125,0.3854,1.375,2.25,0.5104,1.25,3.5,4.75,1.0,0.5,0.875,0.75,2.0,6.0,3.125,0.0,0.5,8
Dennis Schröder,BOS,31.0474,4.125,11.375,0.3374,1.5,4.5,0.2639,3.5,4.25,0.7031,1.0,2.75,3.75,6.0,1.375,0.125,2.0,2.75,13.25,-0.375,0.375,0.375,8
Dennis Smith,POR,7.3255,0.875,1.625,0.3245,0.25,0.25,0.25,0.375,0.875,0.125,0.125,0.75,0.875,1.625,0.5,0.25,0.75,0.25,2.375,0.625,0.0,0.5,8
Denzel Valentine,CLE,1.3277,0.1111,0.4444,0.0556,0.1111,0.2222,0.1111,0.0,0.0,0.0,0.0,0.1111,0.1111,0.0,0.1111,0.0,0.0,0.3333,0.3333,0.2222,0.0,0.3333,9
Derrick Favors,OKC,16.7941,2.6667,5.1667,0.4745,0.1667,0.1667,0.1667,0.8333,1.0,0.4167,1.5,3.6667,5.1667,0.3333,0.3333,0.1667,0.3333,1.6667,6.3333,-0.6667,0.6667,0.3333,6
Derrick Jones,CHI,7.398,0.75,1.25,0.2209,0.125,0.5,0.0625,0.5,0.5,0.25,0.25,0.75,1.0,0.0,0.5,0.875,0.0,0.25,2.125,5.125,0.0,0.5,8
Derrick Rose,NYK,20.9834,4.25,9.625,0.4306,1.625,3.375,0.3698,1.25,1.375,0.5,0.75,1.75,2.5,2.75,0.875,0.375,1.625,0.625,11.375,8.0,0.0,0.5,8
Derrick White,SAS,32.3441,5.0,11.125,0.4493,1.75,5.0,0.3598,2.125,2.875,0.7083,0.125,2.5,2.625,5.875,1.25,1.0,1.75,2.25,13.875,-4.875,1.0,0.5,8
Desmond Bane,MEM,29.9234,6.625,14.0,0.4751,3.25,7.875,0.3967,1.0,1.125,0.5625,0.5,3.625,4.125,2.375,1.0,0.25,1.875,2.125,17.5,1.375,1.0,0.5,8
Devin Booker,PHO,32.8821,8.1667,20.1667,0.3962,1.6667,6.0,0.267,3.8333,4.3333,0.8722,1.3333,3.8333,5.1667,5.3333,0.8333,0.1667,2.8333,2.3333,21.8333,-1.8333,1.0,0.6667,6
Devin Vassell,SAS,26.0927,4.625,10.0,0.4134,1.75,4.75,0.334,0.875,1.375,0.2709,0.625,3.75,4.375,1.75,1.25,0.625,1.0,1.875,11.875,4.25,0.0,0.5,8
Devonte' Graham,NOP,32.7546,5.5556,14.6667,0.3982,3.2222,9.0,0.3628,2.6667,3.2222,0.7463,0.6667,2.4444,3.1111,5.4444,1.5556,0.1111,2.1111,1.4444,17.0,0.1111,1.0,0.4444,9
Dewayne Dedmon,MIA,15.0474,2.7143,4.5714,0.4047,0.2857,0.2857,0.2857,1.1429,1.1429,0.5714,2.1429,4.8571,7.0,0.5714,0.5714,0.4286,1.1429,2.2857,6.8571,8.4286,0.1429,0.4286,7
Domantas Sabonis,IND,37.7518,8.0,13.4444,0.6073,0.8889,3.2222,0.1733,3.1111,4.1111,0.7314,3.0,7.8889,10.8889,4.2222,1.5556,0.3333,3.2222,3.4444,20.0,1.1111,1.0,0.5556,9
Donovan Mitchell,UTA,31.9826,8.8571,21.2857,0.4195,3.2857,10.0,0.3261,3.8571,4.2857,0.9,1.2857,3.2857,4.5714,4.8571,1.4286,0.2857,3.5714,2.2857,24.8571,12.2857,1.0,0.4286,7
Dorian Finney-Smith,DAL,31.7992,3.0,9.125,0.3249,1.0,5.0,0.1927,0.875,1.25,0.375,2.625,3.0,5.625,1.125,1.375,0.75,1.375,3.25,7.875,-6.875,1.0,0.5,8
Doug McDermott,SAS,25.7914,3.6,7.2,0.4692,2.0,4.4,0.3106,0.4,0.4,0.2,0.2,1.6,1.8,0.8,0.2,0.0,0.8,1.8,9.6,-5.2,1.0,0.8,5
Draymond Green,GSW,32.5825,3.5714,6.2857,0.5714,0.4286,0.7143,0.2857,1.1429,3.1429,0.365,1.1429,7.7143,8.8571,7.1429,1.2857,1.0,3.0,2.5714,8.7143,6.5714,1.0,0.5714,7
Drew Eubanks,SAS,12.1572,1.75,3.5,0.5916,0.0,0.125,0.0,0.875,1.25,0.4062,0.625,3.25,3.875,1.125,0.375,1.125,1.25,1.375,4.375,1.0,0.125,0.5,8
Duane Washington,IND,0.6189,0.2857,0.4286,0.0953,0.1429,0.2857,0.0714,0.0,0.0,0.0,0.0,0.1429,0.1429,0.0,0.0,0.0,0.0,0.0,0.7143,-0.8571,0.0,0.5714,7
Duncan Robinson,MIA,28.0215,3.4286,9.1429,0.4056,2.7143,7.8571,0.416,0.2857,0.4286,0.1429,0.2857,4.0,4.2857,1.2857,0.4286,0.2857,1.1429,3.0,9.8571,7.8571,1.0,0.4286,7
Dwight Howard,LAL,11.4024,1.0,1.375,0.5312,0.125,0.125,0.125,1.125,1.375,0.3438,0.25,2.75,3.0,0.375,0.75,0.375,0.5,1.5,3.25,0.0,0.0,0.75,8
Dwight Powell,DAL,24.3183,2.875,5.125,0.6167,0.25,0.625,0.25,2.125,3.25,0.55,2.25,2.375,4.625,1.0,0.875,0.625,1.25,3.375,8.125,-6.375,1.0,0.5,8
Dylan Windler,CLE,6.8772,1.3333,2.1667,0.2166,0.5,1.0,0.1667,0.3333,0.3333,0.1667,0.3333,0.5,0.8333,0.6667,0.3333,0.0,0.1667,0.3333,3.5,0.5,0.0,0.1667,6
Dāvis Bertāns,WAS,16.8848,1.8571,5.4286,0.2877,1.4286,4.2857,0.3094,1.0,1.0,0.5714,0.1429,1.5714,1.7143,0.5714,0.1429,0.0,0.4286,1.5714,6.1429,-0.2857,0.0,0.4286,7
E'Twaun Moore,ORL,0.0,0.0,0.0,0.0,0.0,0.0,0.0,0.0,0.0,0.0,0.0,0.0,0.0,0.0,0.0,0.0,0.0,0.0,0.0,0.0,0.0,0.25,4
Ed Davis,CLE,0.3425,0.0,0.0,0.0,0.0,0.0,0.0,0.0,0.0,0.0,0.0,0.1111,0.1111,0.0,0.0,0.0,0.0,0.0,0.0,-0.2222,0.0,0.3333,9
Elfrid Payton,PHO,10.1847,2.0,4.0,0.2693,0.0,0.1667,0.0,0.6667,1.3333,0.25,0.5,1.5,2.0,1.5,0.3333,0.0,0.8333,0.8333,4.6667,-3.5,0.0,0.6667,6
Elijah Hughes,UTA,1.133,0.0,0.1429,0.0,0.0,0.1429,0.0,0.2857,0.2857,0.1429,0.0,0.1429,0.1429,0.0,0.0,0.0,0.0,0.0,0.2857,-1.0,0.0,0.4286,7
Enes Kanter,BOS,1.2275,0.25,0.625,0.1041,0.0,0.0,0.0,0.0,0.0,0.0,0.25,0.25,0.5,0.0,0.0,0.0,0.0,0.125,0.5,-2.125,0.0,0.375,8
Eric Bledsoe,LAC,26.3351,3.2857,9.1429,0.318,0.4286,3.2857,0.1547,1.7143,2.2857,0.5594,1.0,2.1429,3.1429,4.2857,1.7143,0.8571,2.7143,2.1429,8.7143,-5.2857,1.0,0.5714,7
Eric Gordon,HOU,22.4486,3.8571,7.8571,0.398,2.1429,3.8571,0.431,2.4286,3.0,0.4781,0.0,1.5714,1.5714,1.4286,0.7143,0.2857,1.2857,0.4286,12.2857,0.2857,0.0,0.4286,7
Eric Paschall,UTA,15.9644,1.4286,3.2857,0.388,0.7143,2.1429,0.2428,0.4286,0.7143,0.0857,1.2857,1.7143,3.0,0.7143,0.2857,0.1429,0.5714,1.0,4.0,-0.1429,0.0,0.4286,7
Eugene Omoruyi,DAL,2.0826,0.4,0.8,0.1,0.2,0.4,0.1,0.4,0.8,0.2,0.2,0.8,1.0,0.2,0.0,0.0,0.0,0.2,1.4,0.2,0.0,0.6,5
Evan Fournier,NYK,31.7166,5.875,13.875,0.4159,3.25,7.875,0.4025,1.375,1.875,0.475,0.625,2.5,3.125,2.375,1.125,0.5,1.25,1.875,16.375,0.875,1.0,0.5,8
Evan Mobley,CLE,33.7298,5.3333,10.8889,0.4673,0.2222,1.1111,0.1111,2.4444,3.2222,0.6555,2.0,6.2222,8.2222,2.3333,1.1111,1.3333,1.7778,2.3333,13.3333,-1.2222,1.0,0.3333,9
Facundo Campazzo,DEN,17.4767,1.125,3.0,0.3854,0.375,1.75,0.1562,0.75,1.0,0.1875,0.25,2.125,2.375,1.875,0.875,0.375,1.0,1.625,3.375,-8.875,0.0,0.375,8
Frank Jackson,DET,19.8111,2.4286,7.1429,0.374,0.7143,4.1429,0.1928,0.7143,1.1429,0.2244,0.2857,1.2857,1.5714,0.5714,0.5714,0.0,1.1429,1.1429,6.2857,-8.4286,0.2857,0.4286,7
Frank Kaminsky,PHO,6.3749,1.0,2.0,0.1458,0.1667,0.6667,0.0833,1.0,1.0,0.1667,0.5,0.8333,1.3333,0.5,0.6667,0.1667,0.3333,0.3333,3.1667,3.6667,0.0,0.6667,6
Frank Ntilikina,DAL,11.9495,1.375,4.25,0.3274,0.625,2.375,0.2125,0.75,0.75,0.375,0.375,1.375,1.75,0.75,0.375,0.25,0.25,1.125,4.125,-0.125,0.0,0.5,8
Franz Wagner,ORL,32.0168,5.8889,11.8889,0.5033,2.2222,5.3333,0.4113,0.8889,1.3333,0.4,1.1111,2.4444,3.5556,1.6667,1.1111,0.5556,0.8889,2.2222,14.8889,-0.7778,1.0,0.3333,9
Fred VanVleet,TOR,38.7615,7.2222,16.2222,0.4372,2.5556,7.2222,0.3668,1.7778,2.3333,0.6371,1.0,4.2222,5.2222,7.2222,1.5556,0.4444,3.2222,2.1111,18.7778,4.8889,1.0,0.5556,9
Furkan Korkmaz,PHI,21.2066,3.75,8.375,0.463,1.625,4.75,0.3531,1.75,1.875,0.6875,0.375,1.5,1.875,3.0,0.75,0.25,1.375,0.5,10.875,2.75,0.25,0.625,8
Gabe Vincent,MIA,6.6003,0.5714,1.2857,0.1904,0.1429,0.7143,0.1429,0.0,0.0,0.0,0.2857,0.4286,0.7143,1.1429,0.0,0.0,0.5714,0.8571,1.2857,0.1429,0.1429,0.4286,7
Gabriel Deck,OKC,2.7021,0.5714,1.0,0.2143,0.1429,0.2857,0.1429,0.0,0.0,0.0,0.1429,0.1429,0.2857,0.1429,0.1429,0.0,0.1429,0.0,1.2857,-0.1429,0.0,0.4286,7
Garrett Temple,NOP,17.4643,1.8571,4.2857,0.4663,0.8571,2.4286,0.3619,1.0,1.2857,0.3453,1.1429,2.0,3.1429,0.8571,0.8571,1.0,0.8571,1.0,5.5714,-8.8571,0.1429,0.2857,7
Gary Harris,ORL,12.2302,1.5714,3.5714,0.2411,0.2857,1.2857,0.0833,0.1429,0.1429,0.1429,0.4286,0.1429,0.5714,1.1429,0.1429,0.0,1.4286,0.8571,3.5714,-9.1429,0.0,0.2857,7
Gary Payton,GSW,7.8194,1.7143,2.5714,0.4763,0.5714,0.8571,0.4286,0.2857,0.2857,0.1429,0.5714,0.7143,1.2857,0.4286,0.7143,0.1429,0.7143,1.0,4.2857,2.8571,0.0,0.5714,7
Gary Trent,TOR,32.9708,5.4444,14.1111,0.3742,2.2222,6.5556,0.336,2.0,2.3333,0.6778,0.4444,3.0,3.4444,1.4444,2.7778,0.2222,0.8889,2.2222,15.1111,4.0,0.8889,0.5556,9
George Hill,MIL,26.3808,3.0,6.625,0.4143,0.875,2.25,0.2916,1.125,1.25,0.5625,1.0,3.0,4.0,3.125,1.125,0.25,1.0,2.125,8.0,2.625,0.75,0.5,8
Georges Niang,PHI,21.335,4.125,8.5,0.503,2.5,5.625,0.475,0.875,1.0,0.35,0.375,1.875,2.25,1.75,0.25,0.375,0.5,2.25,11.625,4.75,0.0,0.625,8
Georgios Kalaitzakis,MIL,3.5336,0.375,1.125,0.075,0.125,0.375,0.0625,0.125,0.75,0.0312,0.375,0.25,0.625,0.0,0.125,0.125,0.375,0.5,1.0,-2.625,0.0,0.5,8
Giannis Antetokounmpo,MIL,31.3884,9.75,18.25,0.5241,1.5,4.75,0.2856,6.375,8.625,0.7775,1.625,9.125,10.75,6.375,0.875,2.0,3.375,3.0,27.375,6.375,1.0,0.5,8
Goga Bitadze,IND,5.4623,0.6667,2.1111,0.2056,0.3333,1.1111,0.0926,0.2222,0.2222,0.1111,0.8889,0.8889,1.7778,0.2222,0.4444,0.2222,0.3333,1.1111,1.8889,-0.1111,0.0,0.5556,9
Goran Dragić,TOR,6.84,0.7778,2.4444,0.1402,0.2222,1.0,0.0833,0.8889,0.8889,0.2222,0.1111,1.0,1.1111,0.6667,0.2222,0.1111,0.1111,0.6667,2.6667,-3.1111,0.1111,0.5556,9
Gordon Hayward,CHO,34.4904,6.3333,12.7778,0.4895,2.3333,4.7778,0.4922,2.3333,2.8889,0.5787,0.6667,4.3333,5.0,3.7778,0.7778,0.4444,2.5556,2.0,17.3333,0.3333,1.0,0.4444,9
Gorgui Dieng,ATL,12.365,1.125,2.875,0.2646,0.375,1.125,0.3125,0.625,1.0,0.3125,1.75,4.375,6.125,1.0,0.125,0.5,0.875,1.75,3.25,3.0,0.0,0.375,8
Grant Riller,PHI,0.0,0.0,0.0,0.0,0.0,0.0,0.0,0.0,0.0,0.0,0.0,0.0,0.0,0.0,0.0,0.0,0.0,0.0,0.0,0.0,0.0,0.0,1
Grant Williams,BOS,19.6004,2.375,4.5,0.373,1.25,2.75,0.3205,1.5,1.75,0.5,0.75,1.75,2.5,1.375,0.25,0.5,0.375,2.0,7.5,-1.5,0.25,0.375,8
Grayson Allen,MIL,28.2387,4.25,10.875,0.384,3.125,8.5,0.362,1.375,1.5,0.5625,0.5,3.75,4.25,1.25,0.625,0.375,0.5,2.0,13.0,3.5,1.0,0.5,8
Greg Brown,POR,3.0712,0.75,1.75,0.2916,0.0,0.375,0.0,0.0,0.375,0.0,0.5,0.875,1.375,0.5,0.125,0.25,0.25,0.375,1.5,-0.375,0.0,0.5,8
Hamidou Diallo,DET,10.9861,1.4286,3.4286,0.3666,0.2857,1.1429,0.0953,0.5714,0.5714,0.1429,0.4286,1.1429,1.5714,0.5714,0.4286,0.1429,0.7143,1.0,3.7143,-3.1429,0.1429,0.4286,7
Harrison Barnes,SAC,37.2581,7.25,14.625,0.508,3.25,6.875,0.469,5.5,6.5,0.7531,2.375,7.125,9.5,2.375,0.875,0.0,1.75,1.0,23.25,-1.125,1.0,0.375,8
Hassan Whiteside,UTA,16.2739,2.8571,5.0,0.578,0.0,0.0,0.0,1.5714,1.5714,0.7143,2.0,5.7143,7.7143,0.2857,0.2857,1.4286,0.8571,3.1429,7.2857,8.0,0.0,0.4286,7
Herb Jones,NOP,24.423,2.75,5.125,0.4442,0.125,0.625,0.125,0.375,0.625,0.1875,1.125,1.125,2.25,1.625,1.125,0.5,1.375,2.875,6.0,4.125,0.875,0.5,8
Ignas Brazdeikis,ORL,5.4735,0.3333,1.5556,0.0927,0.1111,1.0,0.1111,0.0,0.0,0.0,0.2222,0.6667,0.8889,0.3333,0.1111,0.0,0.2222,0.5556,0.7778,-3.0,0.0,0.3333,9
Immanuel Quickley,NYK,14.0998,1.625,5.875,0.2545,0.75,3.5,0.125,1.25,1.375,0.4375,0.25,1.25,1.5,1.5,0.375,0.0,0.625,1.125,5.25,3.125,0.0,0.5,8
Isaac Bonga,TOR,0.7408,0.1111,0.1111,0.1111,0.0,0.0,0.0,0.0,0.0,0.0,0.1111,0.1111,0.2222,0.2222,0.1111,0.0,0.0,0.1111,0.2222,0.1111,0.0,0.5556,9
Isaac Okoro,CLE,27.005,2.75,5.75,0.4938,0.25,1.25,0.125,1.25,2.0,0.5,1.5,1.25,2.75,1.75,0.5,0.75,0.5,2.75,7.0,-0.75,0.0,0.5,4
Isaiah Hartenstein,LAC,13.81,2.1429,3.4286,0.5187,0.0,0.1429,0.0,0.4286,1.0,0.2857,1.1429,3.4286,4.5714,1.1429,0.8571,0.5714,0.8571,2.8571,4.7143,4.5714,0.0,0.5714,7
Isaiah Jackson,IND,2.2968,0.2,0.4,0.1,0.0,0.0,0.0,0.2,0.4,0.1,0.2,0.6,0.8,0.0,0.2,0.0,0.0,0.6,0.6,-0.2,0.0,0.4,5
Isaiah Joe,PHI,6.7627,0.625,2.0,0.3021,0.5,1.5,0.3438,0.0,0.0,0.0,0.0,0.375,0.375,0.25,0.0,0.0,0.25,0.375,1.75,0.625,0.0,0.625,8
Isaiah Roby,OKC,7.3334,1.4286,3.1429,0.25,0.2857,1.0,0.2857,0.5714,0.5714,0.1429,0.7143,0.8571,1.5714,0.2857,0.0,0.1429,0.4286,1.1429,3.7143,0.2857,0.1429,0.4286,7
Isaiah Stewart,DET,22.9946,3.7143,6.8571,0.5173,0.1429,0.7143,0.0714,0.4286,0.7143,0.2857,2.2857,4.4286,6.7143,1.1429,0.4286,1.1429,1.4286,2.0,8.0,-10.4286,1.0,0.4286,7
Isaiah Todd,WAS,0.5625,0.125,0.25,0.0625,0.125,0.25,0.0625,0.125,0.25,0.0625,0.0,0.125,0.125,0.0,0.125,0.0,0.0,0.0,0.5,0.25,0.0,0.5,8
Ish Smith,CHO,18.435,3.2222,8.2222,0.3652,0.1111,0.2222,0.1111,0.2222,0.6667,0.1111,0.1111,1.4444,1.5556,3.5556,0.5556,0.2222,0.8889,1.0,6.7778,-1.5556,0.0,0.4444,9
Ivica Zubac,LAC,22.155,3.1429,5.2857,0.6428,0.0,0.0,0.0,1.8571,3.0,0.4571,1.8571,3.7143,5.5714,1.8571,0.4286,0.5714,0.4286,1.5714,8.1429,-6.2857,1.0,0.5714,7
JT Thor,CHO,0.325,0.0,0.0,0.0,0.0,0.0,0.0,0.0,0.0,0.0,0.0,0.0,0.0,0.0,0.0,0.0,0.0,0.0,0.0,-0.8333,0.0,0.6667,6
Ja Morant,MEM,35.0195,10.375,19.875,0.5102,1.875,5.125,0.3229,4.375,5.875,0.7484,1.125,4.375,5.5,7.5,1.875,0.25,4.625,1.5,27.0,-4.75,1.0,0.5,8
JaMychal Green,DEN,12.7887,2.0,4.0,0.4625,0.375,1.875,0.125,0.0,0.0,0.0,0.5,2.0,2.5,0.375,1.125,0.375,2.0,2.25,4.375,-6.625,0.0,0.375,8
JaQuori McLaughlin,DAL,0.8667,0.0,0.0,0.0,0.0,0.0,0.0,0.0,0.0,0.0,0.0,0.0,0.0,0.5,0.0,0.0,0.0,0.0,0.0,0.5,0.0,1.0,2
JaVale McGee,PHO,15.1985,4.3333,5.8333,0.7779,0.0,0.0,0.0,1.3333,2.5,0.425,1.1667,5.3333,6.5,0.1667,0.0,0.5,2.0,2.0,10.0,-4.6667,0.1667,0.6667,6
Jabari Parker,BOS,4.7584,1.25,2.0,0.2531,0.5,0.75,0.2188,0.0,0.0,0.0,0.0,0.875,0.875,0.125,0.125,0.125,0.125,0.625,3.0,0.125,0.0,0.375,8
Jaden McDaniels,MIN,26.8432,1.5714,4.4286,0.4029,0.5714,2.5714,0.2737,0.0,0.0,0.0,1.1429,3.1429,4.2857,0.8571,1.1429,1.0,1.1429,3.5714,3.7143,6.0,1.0,0.8571,7
Jaden Springer,PHI,0.6887,0.0,0.0,0.0,0.0,0.0,0.0,0.0,0.0,0.0,0.0,0.0,0.0,0.0,0.0,0.0,0.0,0.0,0.0,-2.0,0.0,0.3333,3
Jae Crowder,PHO,30.0094,3.0,8.0,0.3531,1.5,5.3333,0.2838,1.0,1.1667,0.4445,0.5,5.3333,5.8333,2.0,1.3333,0.3333,1.0,1.8333,8.5,0.0,1.0,0.6667,6
Jae'Sean Tate,HOU,25.6472,4.1429,9.1429,0.4327,0.7143,2.8571,0.2321,0.8571,0.8571,0.2857,2.1429,4.1429,6.2857,2.2857,0.5714,0.7143,2.1429,3.2857,9.8571,-5.7143,1.0,0.4286,7
Jahmi'us Ramsey,SAC,0.0,0.0,0.0,0.0,0.0,0.0,0.0,0.0,0.0,0.0,0.0,0.0,0.0,0.0,0.0,0.0,0.0,0.0,0.0,0.0,0.0,1.0,3
Jake Layman,MIN,0.6669,0.1429,0.4286,0.0476,0.0,0.1429,0.0,0.0,0.0,0.0,0.0,0.0,0.0,0.0,0.0,0.0,0.0,0.0,0.2857,-1.5714,0.0,0.8571,7
Jakob Poeltl,SAS,29.8159,6.5714,10.1429,0.6347,0.0,0.0,0.0,0.7143,1.8571,0.3143,5.1429,4.5714,9.7143,2.5714,0.8571,1.1429,1.7143,3.0,13.8571,-3.2857,1.0,0.4286,7
Jalen Brunson,DAL,27.5504,5.625,11.625,0.4551,1.375,3.25,0.3875,2.375,3.25,0.425,0.75,4.5,5.25,4.25,0.625,0.125,1.375,1.75,15.0,3.75,0.25,0.5,8
Jalen Green,HOU,32.722,5.2857,14.0,0.3642,2.4286,7.4286,0.2699,1.5714,2.4286,0.254,0.4286,3.2857,3.7143,3.2857,0.8571,0.5714,2.8571,1.7143,14.5714,-11.0,1.0,0.4286,7
Jalen Johnson,ATL,1.4915,0.5,0.875,0.25,0.25,0.375,0.0834,0.25,0.25,0.125,0.0,0.375,0.375,0.0,0.0,0.0,0.0,0.0,1.5,-0.75,0.0,0.375,8
Jalen McDaniels,CHO,9.0658,1.3333,2.3333,0.2778,0.7778,1.5556,0.2741,0.8889,1.3333,0.3056,0.3333,1.0,1.3333,0.8889,0.3333,0.1111,0.3333,1.0,4.3333,-0.6667,0.0,0.4444,9
Jalen Smith,PHO,3.0533,0.5,1.1667,0.1528,0.0,0.1667,0.0,0.5,0.5,0.3333,0.3333,0.6667,1.0,0.0,0.1667,0.1667,0.1667,0.3333,1.5,-0.1667,0.0,0.6667,6
Jalen Suggs,ORL,29.2124,4.0,13.1111,0.3083,1.3333,5.6667,0.2074,3.3333,4.0,0.7926,0.8889,2.6667,3.5556,3.4444,1.0,0.3333,3.3333,3.0,12.6667,-1.5556,1.0,0.3333,9
James Bouknight,CHO,0.4222,0.0,0.1111,0.0,0.0,0.0,0.0,0.0,0.0,0.0,0.0,0.1111,0.1111,0.0,0.0,0.0,0.0,0.0,0.0,-1.1111,0.0,0.4444,9
James Harden,BRK,33.5216,5.5,14.0,0.4085,3.125,7.875,0.4006,4.125,4.75,0.9073,1.0,6.125,7.125,8.875,1.0,1.0,4.375,2.125,18.25,-1.875,1.0,0.75,8
James Johnson,BRK,7.027,0.25,1.0,0.1875,0.0,0.375,0.0,0.25,0.5,0.125,0.125,0.625,0.75,0.375,0.25,0.25,0.375,0.625,0.75,2.5,0.0,0.75,8
Jamorko Pickett,DET,1.428,0.1667,0.1667,0.1667,0.1667,0.1667,0.1667,0.0,0.0,0.0,0.0,0.0,0.0,0.0,0.0,0.0,0.1667,0.0,0.5,1.3333,0.0,0.3333,6
Jared Butler,UTA,6.0499,0.2857,2.1429,0.0951,0.1429,1.4286,0.0476,0.2857,0.5714,0.1429,0.0,0.8571,0.8571,0.8571,0.0,0.7143,0.7143,1.2857,1.0,0.5714,0.0,0.4286,7
Jaren Jackson,MEM,26.5031,4.25,12.125,0.3637,2.5,7.125,0.3822,2.625,2.75,0.7188,0.75,4.625,5.375,1.25,0.75,1.75,1.75,3.75,13.625,3.625,1.0,0.5,8
Jarred Vanderbilt,MIN,19.8754,2.5714,5.0,0.3959,0.0,0.4286,0.0,1.2857,1.4286,0.5714,2.0,4.5714,6.5714,0.8571,0.8571,0.1429,0.7143,2.0,6.4286,-8.7143,0.4286,0.8571,7
Jarrett Allen,CLE,31.5797,6.1111,8.6667,0.69,0.0,0.2222,0.0,2.2222,3.7778,0.4908,2.6667,8.0,10.6667,1.5556,1.1111,1.0,1.3333,1.6667,14.4444,-3.1111,1.0,0.3333,9
Jarrett Culver,MEM,0.6958,0.0,0.25,0.0,0.0,0.25,0.0,0.125,0.25,0.0625,0.0,0.125,0.125,0.0,0.0,0.0,0.0,0.0,0.125,0.75,0.0,0.5,8
Javonte Green,CHI,18.297,2.0,3.375,0.5625,0.375,0.75,0.25,0.875,1.0,0.4375,1.25,2.625,3.875,0.5,0.625,0.5,0.25,1.875,5.25,-2.625,0.375,0.5,8
Jaxson Hayes,NOP,12.1655,1.8889,4.1111,0.4972,0.1111,0.6667,0.1111,1.5556,2.0,0.5833,1.5556,2.0,3.5556,0.2222,0.4444,0.8889,0.7778,1.3333,5.4444,-4.5556,0.0,0.4444,9
Jay Scrubb,LAC,2.4305,0.4,1.2,0.0666,0.2,0.4,0.1,0.2,0.4,0.1,0.0,0.2,0.2,0.0,0.0,0.0,0.0,0.6,1.2,-1.6,0.0,0.6,5
Jaylen Brown,BOS,37.4922,10.0,19.7143,0.4863,2.8571,7.5714,0.3214,4.0,5.1429,0.7958,0.4286,5.8571,6.2857,2.5714,1.2857,0.4286,3.0,3.2857,26.8571,4.8571,1.0,0.4286,7
Jaylen Nowell,MIN,2.0574,0.2857,0.8571,0.0951,0.0,0.1429,0.0,0.0,0.0,0.0,0.1429,0.1429,0.2857,0.5714,0.0,0.0,0.1429,0.1429,0.5714,-2.4286,0.0,0.8571,7
Jayson Tatum,BOS,38.1186,9.0,23.5,0.3925,2.125,8.125,0.2549,4.125,5.5,0.6781,1.125,7.0,8.125,3.625,0.875,1.0,2.5,2.875,24.25,-0.875,1.0,0.375,8
Jeff Green,DEN,15.872,2.25,5.25,0.3674,0.375,2.125,0.0625,1.625,2.125,0.4959,0.0,1.625,1.625,1.0,0.0,0.125,0.875,2.125,6.5,-7.375,0.0,0.375,8
Jerami Grant,DET,31.0718,5.8333,14.8333,0.3952,1.6667,5.3333,0.2778,3.5,4.5,0.6023,1.6667,3.3333,5.0,2.0,1.6667,1.1667,2.0,2.3333,16.8333,-12.3333,1.0,0.5,6
Jeremiah Robinson-Earl,OKC,17.5593,2.2857,4.2857,0.4226,0.8571,2.1429,0.3096,0.2857,0.5714,0.1429,1.2857,2.7143,4.0,0.4286,0.2857,0.1429,1.1429,0.7143,5.7143,-7.1429,0.4286,0.4286,7
Jeremy Lamb,IND,18.6737,3.1429,7.4286,0.4498,1.8571,3.8571,0.5096,1.8571,1.8571,0.7143,0.1429,2.1429,2.2857,0.7143,0.5714,0.4286,0.8571,1.7143,10.0,2.1429,0.0,0.4286,7
Jericho Sims,NYK,2.7666,0.125,0.125,0.125,0.0,0.0,0.0,0.125,0.25,0.0625,0.0,0.75,0.75,0.0,0.125,0.0,0.125,0.25,0.375,1.125,0.0,0.5,8
Jevon Carter,BRK,16.1494,0.625,3.25,0.1554,0.5,2.25,0.15,0.0,0.0,0.0,0.25,1.75,2.0,1.375,0.625,0.375,0.5,1.5,1.75,-0.5,0.125,0.75,8
Jimmy Butler,MIA,34.1456,8.2857,16.1429,0.5183,0.4286,1.2857,0.1666,8.0,9.0,0.8917,2.1429,4.7143,6.8571,5.5714,2.8571,0.4286,2.1429,2.7143,25.0,11.0,1.0,0.4286,7
Jock Landale,SAS,1.5451,0.5714,0.7143,0.1429,0.1429,0.1429,0.1429,0.2857,0.4286,0.2143,0.2857,0.0,0.2857,0.2857,0.0,0.1429,0.1429,0.0,1.5714,1.2857,0.0,0.4286,7
Joe Harris,BRK,30.8231,4.125,10.5,0.4078,3.0,7.25,0.4222,0.625,0.75,0.3125,0.375,3.875,4.25,0.875,0.5,0.25,1.875,2.375,11.875,-3.875,1.0,0.75,8
Joe Ingles,UTA,23.7256,2.7143,5.7143,0.4757,2.2857,5.0,0.4629,0.5714,0.5714,0.2857,0.1429,3.0,3.1429,2.2857,0.1429,0.2857,0.7143,1.7143,8.2857,5.7143,0.1429,0.4286,7
Joe Wieskamp,SAS,0.0,0.0,0.0,0.0,0.0,0.0,0.0,0.0,0.0,0.0,0.0,0.0,0.0,0.0,0.0,0.0,0.0,0.0,0.0,0.0,0.0,1.0,1
Joel Ayayi,WAS,0.5,0.0,0.0,0.0,0.0,0.0,0.0,0.0,0.0,0.0,0.0,0.0,0.0,0.0,0.0,0.0,0.0,0.0,0.0,0.1429,0.0,0.5714,7
Joel Embiid,PHI,30.5573,6.1429,14.8571,0.4041,1.2857,4.0,0.3096,7.0,8.8571,0.7698,1.5714,7.1429,8.7143,4.2857,1.0,1.5714,2.7143,2.2857,20.5714,6.7143,1.0,0.5714,7
John Collins,ATL,30.3095,6.5,11.25,0.5469,0.75,2.5,0.2125,1.375,1.875,0.325,2.75,7.25,10.0,3.0,1.0,0.875,1.375,3.125,15.125,2.0,1.0,0.375,8
John Konchar,MEM,12.1736,0.75,1.625,0.2209,0.125,0.75,0.0625,0.0,0.25,0.0,0.75,1.5,2.25,0.875,0.5,0.375,0.375,1.375,1.625,-1.25,0.0,0.5,8
Jonas Valančiūnas,NOP,33.7578,7.1111,14.4444,0.5147,0.8889,1.6667,0.287,4.1111,4.5556,0.9285,4.0,10.1111,14.1111,2.5556,0.7778,1.1111,2.1111,3.1111,19.2222,-2.2222,1.0,0.4444,9
Jonathan Kuminga,GSW,3.958,0.5,2.5,0.125,0.5,2.0,0.1665,0.0,0.0,0.0,0.0,0.0,0.0,0.0,0.5,0.0,1.0,1.0,1.5,-2.0,0.0,1.0,2
Jordan Clarkson,UTA,25.0609,5.2857,15.7143,0.3423,1.8571,9.2857,0.203,2.0,2.2857,0.8571,0.7143,2.4286,3.1429,1.4286,1.0,0.1429,1.7143,1.4286,14.4286,5.0,0.0,0.4286,7
Jordan McLaughlin,MIN,11.7987,0.8571,2.2857,0.2551,0.2857,1.1429,0.1714,0.5714,0.8571,0.2857,0.1429,0.8571,1.0,2.0,0.8571,0.0,0.5714,0.7143,2.5714,-3.8571,0.0,0.8571,7
Jordan Nwora,MIL,22.8227,3.5,9.375,0.3564,1.5,4.75,0.2854,0.875,1.125,0.325,0.375,3.75,4.125,1.625,0.125,0.625,0.875,1.25,9.375,0.375,0.0,0.5,8
Jordan Poole,GSW,28.4431,6.5714,15.2857,0.4221,2.2857,7.5714,0.2431,1.0,1.1429,0.4286,0.2857,2.4286,2.7143,3.5714,1.5714,0.4286,2.7143,2.5714,16.4286,4.8571,1.0,0.5714,7
Jose Alvarado,NOP,0.1166,0.0,0.0,0.0,0.0,0.0,0.0,0.0,0.0,0.0,0.0,0.0,0.0,0.0,0.0,0.0,0.0,0.0,0.0,0.1111,0.0,0.4444,9
Josh Christopher,HOU,4.0194,0.7143,2.0,0.2788,0.1429,0.5714,0.1429,0.2857,0.2857,0.1429,0.1429,0.4286,0.5714,0.4286,0.4286,0.0,0.5714,0.1429,1.8571,2.2857,0.0,0.4286,7
Josh Giddey,OKC,29.0976,4.7143,10.7143,0.4181,0.8571,2.7143,0.2594,1.0,1.5714,0.4049,0.8571,4.8571,5.7143,5.8571,1.4286,0.7143,2.0,2.1429,11.2857,-9.8571,1.0,0.4286,7
Josh Green,DAL,4.276,0.125,0.875,0.0625,0.0,0.25,0.0,0.0,0.0,0.0,0.5,0.75,1.25,0.25,0.0,0.125,0.25,0.25,0.25,1.875,0.0,0.5,8
Josh Hart,NOP,24.9328,4.2,7.6,0.6318,1.0,2.8,0.2634,1.0,1.6,0.5,1.2,4.2,5.4,2.2,0.2,0.4,0.8,2.4,10.4,-4.6,0.8,0.6,5
Josh Jackson,DET,22.2327,3.4286,8.0,0.3906,1.1429,3.8571,0.2619,1.0,2.0,0.2976,0.8571,3.4286,4.2857,2.2857,0.4286,0.5714,1.5714,2.1429,9.0,-4.8571,0.2857,0.4286,7
Josh Okogie,MIN,13.3492,1.0,3.0,0.1643,0.2857,1.1429,0.0571,0.8571,1.5714,0.4643,0.8571,1.7143,2.5714,0.8571,1.0,0.2857,0.4286,1.0,3.1429,5.5714,0.5714,0.8571,7
Josh Richardson,BOS,21.3599,2.5714,6.0,0.3107,1.0,3.0,0.2429,0.5714,0.7143,0.2143,0.8571,1.7143,2.5714,1.0,0.5714,0.4286,0.8571,1.8571,6.7143,-5.0,0.0,0.4286,7
Joshua Primo,SAS,1.14,0.4,0.4,0.4,0.2,0.2,0.2,0.0,0.0,0.0,0.2,0.0,0.2,0.0,0.0,0.0,0.0,0.0,1.0,0.6,0.0,0.8,5
Jrue Holiday,MIL,10.785,2.75,4.0,0.3453,1.25,2.0,0.3125,0.25,0.5,0.125,0.5,0.75,1.25,1.5,0.25,0.0,1.25,0.75,7.0,5.75,0.5,0.25,4
Juan Hernangómez,BOS,1.4165,0.25,0.75,0.1666,0.125,0.375,0.125,0.125,0.25,0.0625,0.25,0.375,0.625,0.0,0.25,0.0,0.375,0.125,0.75,-2.875,0.0,0.375,8
Juan Toscano-Anderson,GSW,12.5855,1.0,2.5714,0.4047,0.5714,1.4286,0.2857,0.4286,0.5714,0.2143,0.4286,1.2857,1.7143,1.7143,0.4286,0.2857,0.5714,1.0,3.0,0.8571,0.0,0.5714,7
Julius Randle,NYK,37.1938,7.0,16.875,0.4151,1.875,5.25,0.3599,4.75,5.75,0.6009,2.25,9.0,11.25,5.875,0.75,1.0,3.25,2.75,20.625,1.25,1.0,0.5,8
Justin Champagnie,TOR,1.8918,0.0,0.25,0.0,0.0,0.0,0.0,0.25,0.25,0.125,0.375,0.375,0.75,0.125,0.0,0.0,0.0,0.375,0.25,2.0,0.0,0.625,8
Justin Holiday,IND,29.1342,3.1111,8.5556,0.3604,2.1111,6.7778,0.3047,0.2222,0.2222,0.1111,0.1111,2.6667,2.7778,1.6667,0.7778,0.3333,1.4444,2.0,8.5556,1.8889,0.6667,0.5556,9
Justin Robinson,MIL,17.0648,1.875,4.375,0.4523,1.0,2.875,0.3125,0.25,0.25,0.125,0.25,1.0,1.25,1.375,0.875,0.0,1.0,1.25,5.0,-2.5,0.0,0.5,8
Justise Winslow,LAC,9.796,1.2857,3.7143,0.2737,0.0,0.7143,0.0,0.1429,0.2857,0.0714,0.5714,1.1429,1.7143,1.0,0.4286,0.5714,1.1429,1.2857,2.7143,-2.7143,0.0,0.5714,7
Jusuf Nurkić,POR,25.6455,4.375,8.25,0.5335,0.125,0.875,0.125,2.375,3.625,0.4844,3.375,8.25,11.625,1.875,1.375,0.75,2.25,2.125,11.25,4.5,1.0,0.5,8
KZ Okpala,MIA,2.6197,0.1667,0.3333,0.0833,0.1667,0.1667,0.1667,0.0,0.0,0.0,0.0,0.5,0.5,0.0,0.0,0.0,0.0,0.1667,0.5,0.3333,0.0,0.5,6
Kai Jones,CHO,0.2167,0.0,0.0,0.0,0.0,0.0,0.0,0.0,0.0,0.0,0.0,0.0,0.0,0.0,0.0,0.0,0.2222,0.0,0.0,-0.5556,0.0,0.4444,9
Karl-Anthony Towns,MIN,34.7366,8.2857,16.5714,0.5074,3.1429,6.5714,0.5036,4.1429,4.8571,0.8899,3.5714,5.8571,9.4286,4.0,1.7143,1.4286,4.0,3.2857,23.8571,-0.7143,1.0,0.8571,7
Keita Bates-Diop,SAS,12.8228,1.5,3.0,0.3731,0.125,0.75,0.125,0.25,0.25,0.125,0.375,2.5,2.875,0.125,0.5,0.375,0.625,0.625,3.375,5.875,0.0,0.5,8
Kelan Martin,IND,9.2324,2.0,3.5,0.5415,1.5,2.0,0.8335,0.0,0.5,0.0,0.0,0.0,0.0,1.5,0.5,0.0,0.5,0.5,5.5,-8.0,0.0,1.0,2
Keldon Johnson,SAS,28.808,6.125,14.25,0.4114,0.375,2.625,0.15,2.375,3.75,0.5678,1.125,4.25,5.375,2.0,1.125,0.125,1.5,2.25,15.0,-6.375,1.0,0.5,8
Kelly Olynyk,DET,23.0852,4.4286,9.4286,0.4547,1.0,3.5714,0.2237,2.5714,3.8571,0.606,1.0,3.5714,4.5714,2.8571,1.4286,0.7143,1.5714,2.1429,12.4286,-1.7143,0.1429,0.4286,7
Kelly Oubre,CHO,28.6409,4.5556,11.5556,0.3434,2.3333,6.5556,0.282,1.4444,2.2222,0.4444,1.5556,3.0,4.5556,1.4444,0.8889,0.1111,0.5556,2.6667,12.8889,-1.2222,0.5556,0.4444,9
Kemba Walker,NYK,27.8443,4.75,10.375,0.4565,3.125,6.125,0.5136,1.0,1.375,0.3646,0.125,3.125,3.25,3.25,1.375,0.375,1.5,1.25,13.625,-4.0,1.0,0.5,8
Kendrick Nunn,LAL,0.0,0.0,0.0,0.0,0.0,0.0,0.0,0.0,0.0,0.0,0.0,0.0,0.0,0.0,0.0,0.0,0.0,0.0,0.0,0.0,0.0,1.0,2
Kenrich Williams,OKC,20.7251,2.2857,5.8571,0.3893,0.8571,2.2857,0.381,0.4286,0.8571,0.2143,0.8571,2.2857,3.1429,1.2857,0.2857,0.2857,1.1429,1.8571,5.8571,-4.4286,0.0,0.4286,7
Kent Bazemore,LAL,27.884,2.625,6.25,0.4596,1.5,3.625,0.4395,0.625,1.0,0.2188,0.125,2.125,2.25,1.25,1.5,0.25,0.625,3.5,7.375,0.5,1.0,0.75,8
Kentavious Caldwell-Pope,WAS,31.6452,3.625,8.25,0.4395,1.75,4.75,0.3434,0.5,0.625,0.3334,0.5,3.5,4.0,1.625,0.875,0.375,1.0,2.125,9.5,-1.25,1.0,0.5,8
Kenyon Martin,HOU,11.479,2.4286,3.4286,0.3929,0.2857,0.7143,0.0953,0.2857,0.5714,0.1429,0.4286,2.0,2.4286,0.8571,0.2857,0.0,0.4286,0.7143,5.4286,2.5714,0.0,0.4286,7
Keon Johnson,LAC,0.0,0.0,0.0,0.0,0.0,0.0,0.0,0.0,0.0,0.0,0.0,0.0,0.0,0.0,0.0,0.0,0.0,0.0,0.0,0.0,0.0,0.3333,3
Kessler Edwards,BRK,0.0,0.0,0.0,0.0,0.0,0.0,0.0,0.0,0.0,0.0,0.0,0.0,0.0,0.0,0.0,0.0,0.0,0.0,0.0,0.0,0.0,0.0,1
Kevin Durant,BRK,34.4774,10.875,18.375,0.6033,1.625,4.375,0.4494,4.875,6.25,0.7761,0.5,8.125,8.625,5.25,0.875,0.875,3.125,1.5,28.25,1.0,1.0,0.75,8
Kevin Huerter,ATL,20.7789,2.7143,7.2857,0.3321,0.7143,3.1429,0.3096,0.2857,0.2857,0.1429,0.2857,2.4286,2.7143,2.2857,0.4286,0.2857,1.1429,1.1429,6.4286,2.2857,0.1429,0.2857,7
Kevin Knox,NYK,0.5581,0.0,0.0,0.0,0.0,0.0,0.0,0.0,0.0,0.0,0.0,0.0,0.0,0.125,0.0,0.0,0.125,0.125,0.0,-0.875,0.0,0.5,8
Kevin Love,CLE,20.7124,3.1429,8.8571,0.3288,0.7143,3.4286,0.1784,2.8571,3.1429,0.8094,1.4286,5.8571,7.2857,2.2857,0.2857,0.1429,0.8571,0.8571,9.8571,1.1429,0.0,0.2857,7
Kevin Pangos,CLE,1.314,0.0,0.3333,0.0,0.0,0.1667,0.0,0.0,0.0,0.0,0.0,0.0,0.0,0.0,0.0,0.0,0.1667,0.1667,0.0,-1.8333,0.0,0.5,6
Kevin Porter,HOU,31.1463,4.5714,11.4286,0.3914,2.0,6.0,0.3211,1.1429,2.0,0.3929,1.1429,3.1429,4.2857,5.4286,1.7143,0.4286,5.2857,3.1429,12.2857,-5.5714,1.0,0.4286,7
Kevon Looney,GSW,15.7417,2.5714,4.0,0.6691,0.0,0.0,0.0,1.1429,2.0,0.5357,1.8571,3.8571,5.7143,0.7143,0.4286,0.8571,0.8571,2.1429,6.2857,1.8571,1.0,0.5714,7
Khem Birch,TOR,23.1036,2.3333,4.5556,0.4867,0.0,0.4444,0.0,1.8889,2.3333,0.6536,3.1111,2.5556,5.6667,1.4444,0.8889,0.1111,0.8889,1.6667,6.5556,5.1111,0.0,0.5556,9
Khris Middleton,MIL,26.9723,6.2857,14.5714,0.3673,1.2857,5.0,0.2544,3.2857,3.8571,0.752,0.4286,3.5714,4.0,3.8571,1.7143,0.1429,3.0,1.8571,17.1429,-2.4286,0.8571,0.5714,7
Killian Hayes,DET,24.025,2.0,7.1429,0.251,0.8571,2.5714,0.2381,0.8571,0.8571,0.2857,0.5714,2.0,2.5714,3.0,1.4286,0.2857,2.0,2.4286,5.7143,-12.4286,1.0,0.4286,7
Killian Tillie,MEM,1.4291,0.0,0.5,0.0,0.0,0.375,0.0,0.0,0.0,0.0,0.375,0.125,0.5,0.0,0.25,0.125,0.125,0.0,0.0,0.625,0.0,0.5,8
Kira Lewis,NOP,14.0418,2.4444,6.0,0.3398,0.5556,2.1111,0.2222,0.1111,0.1111,0.1111,0.2222,1.8889,2.1111,2.3333,0.1111,0.0,1.5556,1.2222,5.5556,-6.5556,0.0,0.4444,9
Kristaps Porziņģis,DAL,25.8433,4.3333,14.3333,0.286,1.3333,5.6667,0.2407,2.6667,3.6667,0.778,1.6667,4.3333,6.0,0.6667,0.6667,2.0,1.6667,2.0,12.6667,-10.0,1.0,0.3333,3
Kyle Anderson,MEM,22.2805,3.25,8.125,0.3971,1.125,2.75,0.3209,0.875,1.0,0.4375,1.25,4.375,5.625,2.125,0.75,0.625,0.625,1.5,8.5,-7.375,0.0,0.5,8
Kyle Kuzma,WAS,34.4932,5.375,13.5,0.375,2.0,6.375,0.2905,1.375,2.875,0.3036,1.5,8.5,10.0,1.625,0.875,0.625,1.75,2.25,14.125,-2.25,1.0,0.5,8
Kyle Lowry,MIA,27.3024,3.1429,7.8571,0.3413,1.8571,5.0,0.2858,1.0,1.0,0.5714,0.4286,3.1429,3.5714,6.4286,0.8571,0.2857,2.0,2.0,9.1429,11.7143,0.8571,0.4286,7
LaMarcus Aldridge,BRK,19.7402,5.4286,8.2857,0.572,0.2857,1.0,0.0714,1.1429,1.8571,0.5119,1.5714,3.2857,4.8571,0.5714,0.2857,1.2857,1.0,2.1429,12.2857,6.4286,0.0,0.7143,7
LaMelo Ball,CHO,30.2465,7.3333,17.3333,0.4129,2.8889,7.2222,0.3386,1.8889,2.0,0.75,1.3333,4.6667,6.0,6.3333,1.8889,0.4444,2.5556,3.5556,19.4444,2.6667,1.0,0.4444,9
Lamar Stevens,CLE,5.6698,0.3333,1.8889,0.09,0.1111,0.4444,0.1111,0.0,0.0,0.0,0.6667,0.4444,1.1111,0.1111,0.2222,0.0,0.1111,0.6667,0.7778,2.0,0.0,0.3333,9
Landry Shamet,PHO,16.6555,1.5,4.0,0.3655,1.0,2.8333,0.4443,0.3333,0.6667,0.1667,0.3333,1.8333,2.1667,0.8333,0.0,0.0,0.5,1.5,4.3333,-3.8333,0.0,0.6667,6
Larry Nance,POR,18.1788,2.25,4.125,0.5077,0.5,1.375,0.2083,0.125,0.25,0.0625,1.125,4.125,5.25,1.0,0.75,0.375,1.125,1.75,5.125,2.375,0.0,0.5,8
Lauri Markkanen,CLE,30.7272,4.375,12.125,0.3785,1.75,6.25,0.2785,2.375,2.75,0.6458,1.25,4.625,5.875,1.5,1.25,1.0,0.875,1.25,12.875,-2.0,1.0,0.25,8
LeBron James,LAL,27.7875,7.125,15.25,0.3459,2.125,6.125,0.2569,2.25,2.875,0.5938,0.375,3.75,4.125,5.25,1.75,0.625,3.125,1.75,18.625,1.875,0.75,0.75,8
Leandro Bolmaro,MIN,0.8336,0.0,0.1429,0.0,0.0,0.0,0.0,0.2857,0.2857,0.1429,0.1429,0.0,0.1429,0.0,0.0,0.0,0.1429,0.0,0.2857,-1.4286,0.0,0.8571,7
Lonnie Walker,SAS,24.7461,4.25,10.375,0.3996,2.0,5.875,0.3697,1.25,1.5,0.625,0.125,3.25,3.375,3.25,0.875,0.375,1.625,1.125,11.75,3.75,0.375,0.5,8
Lonzo Ball,CHI,34.5192,4.5,10.75,0.4129,2.75,6.75,0.3992,0.625,0.75,0.3125,0.875,4.75,5.625,4.5,2.0,1.125,3.0,2.125,12.375,7.75,1.0,0.5,8
Lou Williams,ATL,8.5146,1.2857,3.8571,0.25,0.2857,1.2857,0.2143,1.0,1.0,0.5714,0.1429,1.1429,1.2857,1.0,0.4286,0.1429,0.1429,0.4286,3.8571,-0.1429,0.0,0.4286,7
Louis King,SAC,0.0,0.0,0.0,0.0,0.0,0.0,0.0,0.0,0.0,0.0,0.0,0.0,0.0,0.0,0.0,0.0,0.0,0.0,0.0,0.0,0.0,1.0,1
Luguentz Dort,OKC,27.3275,3.2857,9.2857,0.3018,1.0,4.4286,0.2,2.4286,2.8571,0.7143,0.7143,2.4286,3.1429,1.8571,1.0,0.2857,1.7143,1.8571,10.0,-9.2857,0.8571,0.4286,7
Luka Dončić,DAL,34.5329,9.125,21.625,0.4201,2.0,7.875,0.2505,3.625,5.25,0.5958,0.5,7.75,8.25,7.125,1.0,0.5,4.125,2.125,23.875,-10.5,1.0,0.5,8
Luka Garza,DET,5.6266,0.7143,1.7143,0.2619,0.2857,0.8571,0.0953,0.5714,0.7143,0.3571,0.4286,0.4286,0.8571,0.1429,0.5714,0.1429,0.2857,1.4286,2.2857,-4.1429,0.0,0.4286,7
Luke Kennard,LAC,27.7255,4.0,9.2857,0.4262,2.8571,6.4286,0.453,0.7143,0.7143,0.4286,0.1429,3.1429,3.2857,2.1429,0.5714,0.1429,0.2857,1.2857,11.5714,5.1429,0.0,0.5714,7
Malachi Flynn,TOR,2.3626,0.1111,0.5556,0.037,0.1111,0.2222,0.0556,0.0,0.0,0.0,0.0,0.3333,0.3333,0.4444,0.1111,0.0,0.0,0.2222,0.3333,1.8889,0.0,0.5556,9
Malcolm Brogdon,IND,36.8765,8.0,17.8333,0.4537,1.3333,5.3333,0.2722,5.0,5.1667,0.9583,1.3333,5.8333,7.1667,7.0,0.5,0.8333,3.3333,2.1667,22.3333,1.8333,1.0,0.5,6
Malik Beasley,MIN,24.4918,3.5714,9.8571,0.3791,2.4286,6.8571,0.2966,0.2857,0.5714,0.1429,0.7143,1.8571,2.5714,2.0,1.0,0.2857,0.5714,0.5714,9.8571,-3.8571,0.0,0.8571,7
Malik Fitts,UTA,1.2292,0.0,0.0,0.0,0.0,0.0,0.0,0.0,0.0,0.0,0.0,0.5,0.5,0.0,0.0,0.0,0.0,0.0,0.0,-0.75,0.0,0.5,4
Malik Monk,LAL,20.5899,2.25,6.125,0.2839,1.25,3.875,0.2521,0.75,1.0,0.375,0.375,1.25,1.625,1.75,0.75,0.0,0.75,0.875,6.5,-0.125,0.25,0.75,8
Marcos Louzada Silva,NOP,0.1166,0.0,0.0,0.0,0.0,0.0,0.0,0.0,0.0,0.0,0.0,0.0,0.0,0.1111,0.0,0.0,0.0,0.0,0.0,0.1111,0.0,0.4444,9
Marcus Garrett,MIA,2.322,0.0,0.3333,0.0,0.0,0.0,0.0,0.0,0.0,0.0,0.0,0.0,0.0,0.6667,0.0,0.0,0.0,0.3333,0.0,1.3333,0.0,0.6667,3
Marcus Morris,LAC,27.415,3.5,9.0,0.3965,1.5,5.5,0.2835,1.0,1.0,0.5,0.0,0.5,0.5,0.5,1.0,0.5,0.5,4.0,9.5,-15.0,1.0,0.5,2
Marcus Smart,BOS,35.8439,2.8571,9.4286,0.2793,1.8571,6.4286,0.2713,1.1429,1.7143,0.3714,0.0,3.5714,3.5714,4.0,2.5714,0.4286,2.0,2.7143,8.7143,4.0,1.0,0.4286,7
Markieff Morris,MIA,18.2267,3.2857,7.1429,0.4574,0.7143,2.1429,0.2976,0.4286,0.4286,0.2857,1.1429,1.4286,2.5714,1.4286,0.4286,0.1429,1.0,2.7143,7.7143,3.1429,0.0,0.4286,7
Marko Simonovic,CHI,0.0,0.0,0.0,0.0,0.0,0.0,0.0,0.0,0.0,0.0,0.0,0.0,0.0,0.0,0.0,0.0,0.0,0.0,0.0,0.0,0.0,0.6667,3
Markus Howard,DEN,1.1603,0.0,0.125,0.0,0.0,0.125,0.0,0.0,0.0,0.0,0.0,0.0,0.0,0.0,0.125,0.0,0.125,0.0,0.0,0.625,0.0,0.375,8
Marvin Bagley,SAC,1.3062,0.125,0.25,0.0625,0.0,0.0,0.0,0.0,0.0,0.0,0.0,0.5,0.5,0.0,0.0,0.0,0.125,0.125,0.25,0.375,0.0,0.375,8
Mason Plumlee,CHO,27.0291,2.8889,5.5556,0.519,0.0,0.0,0.0,0.8889,2.8889,0.2778,2.8889,5.2222,8.1111,2.4444,0.8889,1.2222,1.3333,2.2222,6.6667,-0.4444,1.0,0.4444,9
Matisse Thybulle,PHI,24.2819,2.125,4.125,0.511,0.625,1.875,0.2916,0.25,0.25,0.125,0.5,1.875,2.375,1.375,2.5,1.5,0.875,1.75,5.125,3.625,0.125,0.625,8
Matt Thomas,CHI,0.3042,0.0,0.125,0.0,0.0,0.0,0.0,0.0,0.0,0.0,0.0,0.0,0.0,0.0,0.0,0.0,0.0,0.0,0.0,-0.5,0.0,0.5,8
Maurice Harkless,SAC,21.5315,1.625,4.0,0.2989,0.625,2.5,0.1562,0.375,0.375,0.125,0.125,3.125,3.25,0.5,0.375,0.75,0.5,1.625,4.25,-0.125,0.875,0.375,8
Max Strus,MIA,17.268,2.1667,5.3333,0.4118,1.5,4.0,0.3777,0.1667,0.5,0.0833,0.1667,2.5,2.6667,0.8333,0.3333,0.1667,0.3333,1.0,6.0,7.5,0.0,0.5,6
Maxi Kleber,DAL,18.819,2.3333,4.6667,0.5167,1.8333,3.8333,0.5277,0.6667,0.6667,0.3333,1.0,4.3333,5.3333,0.5,0.5,1.1667,0.6667,2.0,7.1667,3.0,0.1667,0.5,6
McKinley Wright,MIN,4.133,1.0,1.0,1.0,1.0,1.0,1.0,0.0,0.0,0.0,0.0,0.0,0.0,0.0,0.0,0.0,1.0,0.0,3.0,-6.0,0.0,1.0,1
Michael Porter,DEN,32.2316,4.5,12.375,0.3799,1.25,5.75,0.205,0.625,1.125,0.375,1.125,5.75,6.875,2.125,1.25,0.25,1.5,2.0,10.875,6.25,1.0,0.375,8
Mikal Bridges,PHO,33.3219,6.8333,12.0,0.5767,1.8333,4.1667,0.3972,0.8333,1.3333,0.2917,0.5,3.3333,3.8333,1.5,0.6667,0.6667,1.3333,2.5,16.3333,4.8333,1.0,0.6667,6
Mike Conley,UTA,28.6029,5.6667,11.6667,0.4712,3.1667,6.5,0.4706,1.8333,2.0,0.5833,0.0,2.0,2.0,3.3333,1.3333,0.1667,2.3333,1.5,16.3333,6.1667,1.0,0.5,6
Mike Muscala,OKC,14.2424,2.1667,5.5,0.3718,1.1667,3.3333,0.3017,1.3333,1.6667,0.5417,0.3333,2.8333,3.1667,0.6667,0.6667,0.3333,0.3333,1.1667,6.8333,-4.6667,0.0,0.3333,6
Miles Bridges,CHO,35.7303,8.7778,18.2222,0.4805,2.8889,7.7778,0.3716,3.6667,4.2222,0.7704,1.6667,6.3333,8.0,3.2222,1.7778,1.0,1.7778,2.6667,24.1111,4.1111,1.0,0.4444,9
Miles McBride,NYK,0.3478,0.0,0.375,0.0,0.0,0.25,0.0,0.0,0.0,0.0,0.0,0.0,0.0,0.0,0.0,0.125,0.0,0.0,0.0,-0.875,0.0,0.5,8
Mitchell Robinson,NYK,29.5258,3.125,3.75,0.8625,0.0,0.0,0.0,1.25,2.375,0.5188,3.125,5.75,8.875,1.25,0.375,1.375,0.875,3.375,7.5,-2.0,1.0,0.5,8
Miye Oni,UTA,1.0766,0.0,0.0,0.0,0.0,0.0,0.0,0.0,0.0,0.0,0.0,0.0,0.0,0.0,0.0,0.0,0.0,0.2,0.0,-2.4,0.0,0.4,5
Mohamed Bamba,ORL,31.9068,4.2222,8.5556,0.5079,1.5556,3.8889,0.4259,1.6667,2.4444,0.5833,2.6667,6.5556,9.2222,2.1111,0.7778,2.0,2.1111,3.2222,11.6667,-2.7778,1.0,0.3333,9
Monte Morris,DEN,28.7106,4.625,10.125,0.4467,1.125,3.625,0.2584,0.375,0.75,0.1875,0.5,1.75,2.25,4.0,0.5,0.125,1.625,1.625,10.75,7.625,1.0,0.375,8
Montrezl Harrell,WAS,31.2095,6.125,10.125,0.6044,0.125,0.625,0.0416,5.625,6.75,0.8195,2.75,7.125,9.875,2.125,0.375,1.25,1.25,2.5,18.0,4.875,0.25,0.5,8
Moritz Wagner,ORL,11.6285,1.6667,4.3333,0.3948,1.1111,3.1111,0.2851,0.6667,1.3333,0.3611,0.3333,2.4444,2.7778,0.5556,0.0,0.1111,0.7778,1.8889,5.1111,-0.1111,0.0,0.3333,9
Moses Brown,DAL,1.8687,0.25,0.25,0.25,0.0,0.0,0.0,0.25,0.75,0.0938,0.125,0.5,0.625,0.0,0.0,0.25,0.0,0.25,0.75,-0.25,0.0,0.5,8
Moses Moody,GSW,4.664,0.4286,1.5714,0.0884,0.1429,0.8571,0.0286,0.1429,0.2857,0.0714,0.0,0.8571,0.8571,0.4286,0.0,0.1429,0.0,0.2857,1.1429,0.0,0.0,0.5714,7
Mychal Mulder,ORL,1.7754,0.25,1.25,0.0625,0.25,0.5,0.25,0.0,0.0,0.0,0.25,0.25,0.5,0.25,0.0,0.0,0.25,0.25,0.75,2.5,0.0,0.5,4
Myles Turner,IND,27.0044,5.1111,9.2222,0.497,2.0,4.8889,0.3136,2.3333,3.5556,0.4321,1.5556,6.5556,8.1111,1.1111,0.5556,2.8889,1.6667,2.4444,14.5556,1.6667,1.0,0.5556,9
Naji Marshall,NOP,14.3413,0.7778,2.5556,0.4,0.1111,1.1111,0.037,1.1111,1.3333,0.3611,0.7778,3.0,3.7778,1.3333,0.6667,0.3333,1.1111,1.7778,2.7778,-3.1111,0.0,0.4444,9
Nassir Little,POR,21.9911,2.625,5.25,0.4717,1.0,2.375,0.3855,0.875,1.125,0.375,2.0,3.25,5.25,0.625,0.625,0.625,1.125,1.75,7.125,-1.25,0.25,0.5,8
Nathan Knight,MIN,0.1945,0.0,0.0,0.0,0.0,0.0,0.0,0.0,0.0,0.0,0.0,0.1667,0.1667,0.0,0.0,0.0,0.0,0.0,0.0,0.1667,0.0,0.8333,6
Naz Reid,MIN,14.2734,3.1429,6.5714,0.4915,0.7143,3.0,0.1523,1.4286,2.0,0.619,0.8571,1.5714,2.4286,0.7143,0.8571,1.0,0.8571,2.4286,8.4286,-3.8571,0.0,0.8571,7
Nemanja Bjelica,GSW,15.1957,2.4286,4.8571,0.5533,0.5714,1.2857,0.3333,0.7143,1.0,0.3571,1.1429,4.0,5.1429,1.8571,0.7143,0.2857,0.8571,1.0,6.1429,4.8571,0.0,0.5714,7
Nerlens Noel,NYK,17.7969,1.0,2.0,0.5,0.0,0.0,0.0,0.0,0.0,0.0,3.0,3.0,6.0,2.0,0.0,1.0,0.0,2.0,2.0,2.0,0.0,0.0,1
Nick Richards,CHO,3.2406,0.6667,0.7778,0.3056,0.0,0.0,0.0,0.1111,0.1111,0.1111,0.2222,0.4444,0.6667,0.0,0.0,0.3333,0.2222,0.2222,1.4444,0.3333,0.0,0.4444,9
Nickeil Alexander-Walker,NOP,31.6499,5.4444,15.3333,0.3631,2.0,7.6667,0.272,1.0,1.2222,0.3333,1.4444,3.7778,5.2222,2.6667,1.3333,0.6667,1.4444,1.6667,13.8889,-6.1111,1.0,0.4444,9
Nicolas Batum,LAC,27.4874,3.6667,8.0,0.4382,2.3333,5.8333,0.2972,0.1667,0.5,0.0555,0.5,5.6667,6.1667,1.6667,1.0,0.8333,0.5,1.0,9.8333,7.0,0.8333,0.6667,6
Nicolas Claxton,BRK,18.895,2.75,5.0,0.5,0.0,0.0,0.0,1.0,2.25,0.3125,0.75,4.75,5.5,0.75,0.0,1.0,0.75,1.25,6.5,-5.5,0.75,0.5,4
Nikola Jokić,DEN,31.0409,9.875,16.5,0.6198,1.875,4.625,0.4822,3.5,4.25,0.5893,2.625,10.75,13.375,5.625,1.5,0.875,3.625,2.75,25.125,9.625,1.0,0.375,8
Nikola Vučević,CHI,34.3475,5.5,14.125,0.3965,1.125,4.0,0.2354,1.625,2.25,0.4375,1.625,9.125,10.75,4.5,1.375,0.875,1.625,2.375,13.75,3.875,1.0,0.5,8
Norman Powell,POR,27.6972,6.0,11.6667,0.5188,2.1667,5.1667,0.4258,2.6667,3.0,0.5903,0.1667,2.6667,2.8333,1.3333,0.6667,0.5,0.6667,1.3333,16.8333,2.8333,1.0,0.5,6
OG Anunoby,TOR,36.8507,7.5556,18.4444,0.408,3.0,8.1111,0.3656,2.2222,2.5556,0.4841,1.8889,3.6667,5.5556,2.5556,1.7778,0.6667,1.6667,3.0,20.3333,4.3333,1.0,0.5556,9
Obi Toppin,NYK,15.3317,2.875,4.75,0.5766,0.25,1.625,0.0625,1.125,2.25,0.5459,0.625,2.0,2.625,0.875,0.5,0.875,0.5,1.625,7.125,3.25,0.0,0.5,8
Omer Yurtseven,MIA,2.2785,0.8571,1.2857,0.3096,0.0,0.0,0.0,0.0,0.1429,0.0,0.2857,0.7143,1.0,0.0,0.0,0.0,0.1429,0.0,1.7143,0.1429,0.0,0.4286,7
Oshae Brissett,IND,10.9301,1.4444,3.3333,0.2202,0.4444,1.5556,0.0833,0.1111,0.3333,0.037,0.3333,1.6667,2.0,0.3333,0.2222,0.1111,0.7778,1.0,3.4444,-5.1111,0.0,0.5556,9
Otto Porter,GSW,17.1022,2.1429,4.4286,0.488,1.0,2.4286,0.3096,0.4286,0.5714,0.2143,0.5714,3.4286,4.0,1.2857,0.7143,0.5714,0.7143,1.5714,5.7143,3.4286,0.0,0.5714,7
P.J. Tucker,MIA,27.0779,1.8571,4.7143,0.3738,1.0,3.0,0.3714,0.4286,0.7143,0.1667,1.1429,3.7143,4.8571,1.4286,0.4286,0.0,0.2857,2.4286,5.1429,11.8571,1.0,0.4286,7
P.J. Washington,CHO,18.4691,3.125,6.625,0.3996,1.0,2.75,0.3666,1.375,1.75,0.5209,1.375,2.625,4.0,1.25,0.625,0.875,1.125,1.0,8.625,-2.25,0.0,0.375,8
PJ Dozier,DEN,17.7974,1.75,4.5,0.3749,0.75,2.375,0.1979,0.125,0.375,0.0625,0.375,2.0,2.375,1.375,0.75,0.375,0.5,1.375,4.375,-5.125,0.0,0.375,8
Pat Connaughton,MIL,29.9054,4.25,8.625,0.493,2.125,5.625,0.3368,0.375,0.5,0.2084,1.125,4.0,5.125,1.75,0.875,0.25,0.625,1.625,11.0,-1.75,0.625,0.5,8
Patrick Beverley,MIN,16.8079,2.1429,4.1429,0.3714,1.1429,2.7143,0.2619,0.4286,0.5714,0.2143,1.1429,2.2857,3.4286,4.0,0.5714,0.7143,1.0,2.1429,5.8571,-0.1429,0.1429,0.8571,7
Patrick Williams,CHI,24.9281,2.6,4.6,0.581,0.6,1.2,0.2666,0.8,0.8,0.4,0.2,2.0,2.2,0.6,0.6,0.4,0.4,1.8,6.6,2.4,1.0,0.6,5
Patty Mills,BRK,25.8917,4.0,8.75,0.4629,2.75,5.25,0.5367,0.25,0.375,0.125,0.375,2.0,2.375,3.0,0.5,0.25,0.5,1.625,11.0,4.625,0.0,0.75,8
Paul George,LAC,34.5589,10.8571,21.4286,0.4987,3.8571,9.1429,0.4163,3.2857,3.8571,0.5,0.2857,7.4286,7.7143,4.7143,3.0,0.5714,4.1429,2.8571,28.8571,0.8571,1.0,0.5714,7
Paul Millsap,BRK,11.4644,1.2857,3.1429,0.2951,0.4286,1.7143,0.1547,1.1429,1.5714,0.3673,0.4286,3.1429,3.5714,1.1429,0.2857,0.2857,0.4286,1.8571,4.1429,0.7143,0.0,0.7143,7
Paul Reed,PHI,3.6576,0.5,1.0,0.1875,0.0,0.0,0.0,0.0,0.0,0.0,0.375,0.375,0.75,0.5,0.125,0.375,0.0,0.75,1.0,0.125,0.0,0.625,8
Paul Watson,OKC,0.0,0.0,0.0,0.0,0.0,0.0,0.0,0.0,0.0,0.0,0.0,0.0,0.0,0.0,0.0,0.0,0.0,0.0,0.0,0.0,0.0,1.0,2
Payton Pritchard,BOS,11.5088,0.75,2.75,0.177,0.625,2.0,0.1749,0.0,0.0,0.0,0.625,1.625,2.25,1.5,0.0,0.25,0.5,1.375,2.125,-4.5,0.0,0.375,8
Petr Cornelie,DEN,0.5464,0.0,0.0,0.0,0.0,0.0,0.0,0.0,0.0,0.0,0.0,0.0,0.0,0.0,0.0,0.0,0.0,0.0,0.0,1.0,0.0,0.6,5
Precious Achiuwa,TOR,23.7641,3.3333,9.6667,0.3397,0.2222,1.2222,0.1111,1.1111,2.0,0.4074,2.1111,6.6667,8.7778,1.5556,0.4444,0.3333,1.3333,2.2222,8.0,0.3333,1.0,0.5556,9
Quentin Grimes,NYK,0.5708,0.125,0.25,0.0625,0.125,0.25,0.0625,0.0,0.0,0.0,0.0,0.0,0.0,0.0,0.0,0.0,0.0,0.0,0.375,-0.875,0.0,0.5,8
R.J. Hampton,ORL,17.4584,2.4444,6.4444,0.3634,1.0,2.4444,0.4297,1.0,1.4444,0.4167,0.2222,2.7778,3.0,1.5556,0.2222,0.1111,1.6667,1.5556,6.8889,-8.1111,0.0,0.3333,9
RJ Barrett,NYK,34.8852,6.875,14.0,0.4882,2.5,6.0,0.3891,2.875,4.0,0.6517,0.5,5.125,5.625,2.625,0.5,0.375,2.0,2.875,19.125,0.0,1.0,0.5,8
RJ Nembhard,CLE,0.622,0.3333,0.3333,0.3333,0.0,0.0,0.0,0.0,0.0,0.0,0.0,0.0,0.0,0.3333,0.0,0.0,0.0,0.0,0.6667,1.0,0.0,0.6667,3
Rajon Rondo,LAL,8.7012,1.25,3.125,0.1904,0.5,1.125,0.1875,0.0,0.0,0.0,0.125,0.75,0.875,2.125,0.5,0.0,1.125,0.75,3.0,-1.25,0.0,0.75,8
Raul Neto,WAS,21.6787,3.4286,7.0,0.4604,0.4286,2.1429,0.119,1.0,1.0,0.4286,0.0,2.5714,2.5714,3.2857,1.4286,0.1429,1.0,1.8571,8.2857,-1.1429,0.0,0.5714,7
Reggie Bullock,DAL,19.4852,2.125,5.875,0.2779,1.5,4.625,0.2507,0.375,0.625,0.25,0.125,2.125,2.25,0.625,0.0,0.0,0.25,1.25,6.125,-5.5,0.25,0.5,8
Reggie Jackson,LAC,35.0671,6.0,16.8571,0.354,3.2857,9.1429,0.371,1.0,1.2857,0.3571,0.8571,3.0,3.8571,4.1429,0.7143,0.0,1.4286,1.7143,16.2857,2.1429,1.0,0.5714,7
Richaun Holmes,SAC,26.9123,6.375,9.375,0.6834,0.25,0.375,0.25,2.0,2.125,0.5834,2.625,7.25,9.875,1.75,0.5,1.25,1.125,3.875,15.0,2.75,1.0,0.375,8
Ricky Rubio,CLE,28.1619,4.0,11.5556,0.3135,1.6667,5.1111,0.2851,1.7778,2.1111,0.6944,0.4444,3.2222,3.6667,6.7778,1.3333,0.2222,2.8889,2.2222,11.4444,4.2222,0.2222,0.3333,9
Robert Covington,POR,27.4628,1.625,4.375,0.3229,1.5,4.0,0.317,0.0,0.0,0.0,0.375,4.875,5.25,0.5,1.125,0.875,0.75,2.0,4.75,0.5,1.0,0.5,8
Robert Williams,BOS,31.6708,4.2857,6.1429,0.6836,0.0,0.0,0.0,1.4286,2.1429,0.3929,3.4286,4.7143,8.1429,1.4286,1.0,2.4286,0.8571,1.8571,10.0,3.0,1.0,0.4286,7
Robert Woodard,SAC,0.0,0.0,0.0,0.0,0.0,0.0,0.0,0.0,0.0,0.0,0.0,0.0,0.0,0.0,0.0,0.0,0.0,0.0,0.0,0.0,0.0,0.5,2
Robin Lopez,ORL,6.5569,0.8889,1.4444,0.2186,0.0,0.0,0.0,0.6667,0.8889,0.2889,0.5556,0.7778,1.3333,0.3333,0.0,0.2222,0.3333,0.4444,2.4444,-5.3333,0.0,0.3333,9
Rodney Hood,MIL,11.5281,0.8333,2.8333,0.2472,0.8333,2.0,0.3055,0.8333,0.8333,0.3333,0.3333,1.6667,2.0,0.6667,0.1667,0.0,0.1667,1.3333,3.3333,2.5,0.0,0.5,6
Rodney McGruder,DET,2.8119,0.1429,0.7143,0.0714,0.1429,0.4286,0.0714,0.0,0.0,0.0,0.0,0.2857,0.2857,0.2857,0.0,0.1429,0.0,0.1429,0.4286,1.7143,0.0,0.4286,7
Romeo Langford,BOS,16.8553,2.0,4.0,0.48,1.0,2.0,0.3668,0.0,0.0,0.0,1.0,1.4,2.4,0.6,0.4,0.0,1.0,1.8,5.0,-11.0,0.0,0.4,5
Royce O'Neale,UTA,30.1217,2.1429,5.1429,0.4042,0.8571,3.4286,0.2737,0.0,0.0,0.0,1.1429,3.1429,4.2857,1.7143,1.5714,0.7143,0.8571,2.4286,5.1429,10.1429,1.0,0.4286,7
Rudy Gobert,UTA,31.2497,4.8571,6.7143,0.7174,0.0,0.0,0.0,6.0,8.4286,0.7329,3.7143,13.8571,17.5714,1.0,0.7143,2.0,2.2857,2.8571,15.7143,4.2857,1.0,0.4286,7
Rui Hachimura,WAS,0.0,0.0,0.0,0.0,0.0,0.0,0.0,0.0,0.0,0.0,0.0,0.0,0.0,0.0,0.0,0.0,0.0,0.0,0.0,0.0,0.0,1.0,1
Russell Westbrook,LAL,35.9091,8.125,18.25,0.4372,0.875,4.0,0.2812,2.25,3.875,0.448,1.875,6.875,8.75,8.5,1.5,0.125,4.875,3.5,19.375,-1.875,1.0,0.75,8
Saben Lee,DET,3.8617,0.2857,1.1429,0.119,0.0,0.4286,0.0,0.2857,0.5714,0.1429,0.0,0.4286,0.4286,0.4286,0.2857,0.0,0.2857,0.1429,0.8571,0.8571,0.0,0.4286,7
Saddiq Bey,DET,32.4016,5.5714,14.1429,0.3984,1.7143,6.0,0.2349,1.2857,2.0,0.5357,2.4286,5.4286,7.8571,2.8571,0.7143,0.4286,1.2857,1.2857,14.1429,-9.5714,1.0,0.4286,7
Sam Dekker,TOR,0.1,0.0,0.0,0.0,0.0,0.0,0.0,0.0,0.0,0.0,0.0,0.0,0.0,0.0,0.0,0.0,0.0,0.0,0.0,-0.5556,0.0,0.5556,9
Sam Hauser,BOS,0.0,0.0,0.0,0.0,0.0,0.0,0.0,0.0,0.0,0.0,0.0,0.0,0.0,0.0,0.0,0.0,0.0,0.0,0.0,0.0,0.0,0.0,1
Sam Merrill,MEM,3.5312,0.375,1.5,0.0625,0.375,1.5,0.0625,0.0,0.0,0.0,0.0,0.0,0.0,0.375,0.0,0.0,0.25,0.125,1.125,-0.125,0.0,0.5,8
Sandro Mamukelashvili,MIL,7.6367,0.875,1.875,0.243,0.375,0.75,0.1875,0.25,0.375,0.125,0.375,0.75,1.125,0.25,0.0,0.0,0.25,0.5,2.375,-2.75,0.0,0.5,8
Santi Aldama,MEM,1.4291,0.375,1.0,0.0625,0.125,0.5,0.0625,0.25,0.375,0.125,0.25,0.125,0.375,0.0,0.0,0.0,0.0,0.25,1.125,0.625,0.0,0.5,8
Scottie Barnes,TOR,34.8871,7.7143,14.0,0.5607,0.2857,1.2857,0.1429,2.4286,3.4286,0.7687,3.0,5.8571,8.8571,2.0,0.7143,0.5714,2.4286,2.7143,18.1429,1.2857,1.0,0.7143,7
Sekou Doumbouya,LAL,0.0,0.0,0.0,0.0,0.0,0.0,0.0,0.0,0.0,0.0,0.0,0.0,0.0,0.0,0.0,0.0,0.0,0.0,0.0,0.0,0.0,1.0,1
Semi Ojeleye,MIL,15.1516,0.3333,4.3333,0.111,0.0,3.6667,0.0,0.6667,1.3333,0.3333,0.6667,2.3333,3.0,0.0,0.3333,0.0,0.6667,1.6667,1.3333,-4.6667,0.0,0.6667,3
Seth Curry,PHI,32.0538,6.5,10.625,0.6051,2.75,5.125,0.5834,1.375,1.625,0.5312,0.25,3.125,3.375,1.875,0.5,0.25,1.25,1.25,17.125,7.375,1.0,0.625,8
Shai Gilgeous-Alexander,OKC,34.2532,8.1429,18.1429,0.4444,2.4286,6.7143,0.374,4.1429,5.2857,0.6476,0.7143,4.4286,5.1429,3.5714,0.7143,0.2857,2.0,2.2857,22.8571,-10.2857,1.0,0.4286,7
Shake Milton,PHI,14.9625,3.4,6.8,0.411,0.8,2.8,0.2334,0.6,0.6,0.4,0.4,1.4,1.8,2.4,0.4,0.2,1.0,2.0,8.2,0.6,0.0,0.8,5
Sharife Cooper,ATL,1.3434,0.0,0.6,0.0,0.0,0.4,0.0,0.0,0.0,0.0,0.0,0.0,0.0,0.4,0.0,0.0,0.2,0.0,0.0,-1.2,0.0,0.6,5
Skylar Mays,ATL,1.4915,0.375,0.5,0.2084,0.125,0.25,0.125,0.375,0.375,0.125,0.0,0.125,0.125,0.0,0.0,0.0,0.0,0.125,1.25,-0.75,0.0,0.375,8
Solomon Hill,ATL,5.2832,0.25,1.0,0.0625,0.25,0.875,0.0625,0.0,0.0,0.0,0.125,0.75,0.875,0.5,0.25,0.0,0.125,0.875,0.75,2.875,0.0,0.375,8
Spencer Dinwiddie,WAS,30.702,6.1429,14.2857,0.423,2.0,5.2857,0.3061,3.5714,3.7143,0.9821,0.7143,4.1429,4.8571,5.8571,0.4286,0.1429,1.7143,2.1429,17.8571,-1.8571,1.0,0.4286,7
Stephen Curry,GSW,34.9414,8.5714,20.4286,0.4164,4.8571,13.0,0.3713,4.7143,4.8571,0.6904,0.7143,6.8571,7.5714,6.8571,1.4286,0.5714,4.0,1.5714,26.7143,8.4286,1.0,0.5714,7
Sterling Brown,DAL,12.1116,0.6667,3.6667,0.1638,0.5,2.8333,0.1583,0.3333,0.3333,0.1667,0.6667,2.5,3.1667,0.8333,0.1667,0.1667,1.0,1.6667,2.1667,-0.1667,0.0,0.5,6
Steven Adams,MEM,26.4206,3.75,6.875,0.5958,0.0,0.0,0.0,1.875,1.875,0.5,3.75,5.375,9.125,2.875,0.875,0.5,1.5,1.625,9.375,0.875,1.0,0.5,8
Svi Mykhailiuk,TOR,18.8631,2.8889,5.2222,0.6182,1.3333,3.0,0.4333,1.6667,1.8889,0.5926,0.7778,2.5556,3.3333,1.3333,1.0,0.0,1.1111,1.8889,8.7778,1.5556,0.2222,0.5556,9
T.J. McConnell,IND,24.5408,3.3333,7.1111,0.497,0.3333,1.2222,0.2222,0.0,0.2222,0.0,0.2222,2.3333,2.5556,5.5556,0.8889,0.3333,1.3333,2.1111,7.0,-4.7778,0.3333,0.5556,9
Tacko Fall,CLE,0.4665,0.0,0.25,0.0,0.0,0.0,0.0,0.0,0.0,0.0,0.25,0.25,0.5,0.0,0.0,0.0,0.25,0.0,0.0,0.75,0.0,0.75,4
Taj Gibson,NYK,13.5031,1.6667,3.0,0.2958,0.0,0.5,0.0,0.5,0.5,0.1667,1.6667,1.6667,3.3333,0.6667,0.1667,0.8333,0.5,2.3333,3.8333,3.1667,0.0,0.5,6
Taurean Prince,MIN,13.7148,0.8571,3.7143,0.2074,0.4286,2.7143,0.1476,0.7143,1.1429,0.2857,0.4286,1.1429,1.5714,0.5714,0.4286,0.0,0.7143,1.4286,2.8571,0.4286,0.0,0.8571,7
Terance Mann,LAC,29.7974,3.7143,8.5714,0.4727,1.1429,3.2857,0.369,1.4286,2.0,0.6667,1.8571,3.2857,5.1429,3.1429,1.2857,0.2857,1.1429,2.4286,10.0,5.5714,0.0,0.5714,7
Terence Davis,SAC,8.5479,0.875,4.125,0.1551,0.25,2.375,0.0312,0.0,0.0,0.0,0.125,0.875,1.0,0.75,0.375,0.0,0.375,1.5,2.0,-1.75,0.125,0.375,8
Terrence Ross,ORL,26.3422,3.4444,8.0,0.4166,1.4444,4.3333,0.3504,1.8889,2.2222,0.4321,0.2222,1.5556,1.7778,1.6667,0.4444,0.2222,0.8889,1.3333,10.2222,-13.2222,0.0,0.3333,9
Terry Rozier,CHO,20.7913,2.6667,8.1667,0.196,1.5,4.8333,0.1585,1.1667,1.3333,0.4167,0.3333,2.3333,2.6667,1.8333,0.6667,0.1667,2.0,0.8333,8.0,0.0,0.6667,0.3333,6
Thaddeus Young,SAS,10.9726,1.8333,3.8333,0.287,0.0,0.3333,0.0,0.0,0.0,0.0,1.3333,1.6667,3.0,2.0,0.8333,0.3333,1.0,1.1667,3.6667,0.0,0.0,0.3333,6
Thanasis Antetokounmpo,MIL,19.068,2.5,5.0,0.5666,0.0,0.375,0.0,0.625,0.875,0.2709,1.75,3.75,5.5,1.375,1.125,0.125,1.125,2.625,5.625,-1.5,0.5,0.5,8
Théo Maledon,OKC,16.6905,1.0,4.0,0.2381,0.4286,2.4286,0.2,0.4286,0.5714,0.2143,0.4286,1.7143,2.1429,1.5714,0.2857,0.0,1.5714,1.1429,2.8571,-3.8571,0.0,0.4286,7
Tim Hardaway,DAL,31.1611,4.875,12.25,0.3752,3.0,8.25,0.3388,2.25,2.75,0.5938,0.25,3.125,3.375,2.0,1.25,0.125,0.75,2.0,15.0,-3.375,1.0,0.5,8
Timothé Luwawu-Cabarrot,ATL,1.4915,0.0,0.5,0.0,0.0,0.25,0.0,0.125,0.25,0.0625,0.0,0.375,0.375,0.25,0.0,0.0,0.125,0.0,0.125,-0.75,0.0,0.375,8
Tobias Harris,PHI,28.3333,7.2857,13.4286,0.4694,1.1429,3.5714,0.2476,1.2857,1.4286,0.5429,1.1429,6.5714,7.7143,3.5714,0.1429,0.2857,1.2857,1.0,17.0,1.8571,0.8571,0.5714,7
Tomáš Satoranský,NOP,4.9874,0.3333,1.2222,0.0814,0.1111,0.2222,0.1111,0.1111,0.1111,0.1111,0.0,0.2222,0.2222,0.4444,0.1111,0.0,0.5556,0.3333,0.8889,-3.2222,0.0,0.4444,9
Tony Bradley,CHI,5.8633,0.625,1.125,0.3334,0.0,0.0,0.0,0.0,0.0,0.0,0.875,1.125,2.0,0.0,0.0,0.75,0.25,0.875,1.25,4.75,0.0,0.5,8
Tony Snell,POR,4.9375,0.6667,1.0,0.3333,0.6667,1.0,0.3333,0.0,0.0,0.0,0.0,0.3333,0.3333,0.0,0.0,0.0,0.0,0.3333,2.0,-1.6667,0.0,0.0,3
Torrey Craig,IND,17.6668,2.4444,5.2222,0.3021,1.1111,3.0,0.2486,0.8889,1.1111,0.1944,1.7778,2.1111,3.8889,1.3333,0.3333,0.3333,0.7778,2.1111,6.8889,-1.3333,0.0,0.5556,9
Trae Young,ATL,34.4805,8.0,19.625,0.402,1.5,5.375,0.2812,5.125,5.625,0.8802,0.5,3.25,3.75,9.5,0.875,0.125,3.25,1.0,22.625,0.25,1.0,0.375,8
Tre Jones,SAS,5.8866,1.125,2.125,0.3396,0.0,0.125,0.0,0.375,0.375,0.25,0.0,0.625,0.625,0.875,0.125,0.0,0.125,0.25,2.625,0.5,0.0,0.5,8
Tre Mann,OKC,10.5092,2.0,4.6,0.4242,0.6,1.8,0.2334,0.2,0.8,0.1,0.4,0.6,1.0,0.2,0.2,0.4,0.2,1.0,4.8,-5.0,0.0,0.6,5
Trent Forrest,UTA,2.8305,0.3333,0.3333,0.3333,0.0,0.0,0.0,0.0,0.0,0.0,0.0,0.5,0.5,0.3333,0.0,0.0,0.1667,0.3333,0.6667,0.5,0.0,0.3333,6
Trey Burke,DAL,4.8128,0.8333,2.0,0.1737,0.3333,0.8333,0.2222,0.6667,0.6667,0.1667,0.0,0.3333,0.3333,0.6667,0.1667,0.0,0.5,0.0,2.6667,0.1667,0.0,0.3333,6
Trey Lyles,DET,17.1045,2.8571,6.4286,0.4736,1.1429,3.2857,0.3119,2.5714,3.1429,0.5544,1.1429,3.2857,4.4286,1.5714,0.4286,0.2857,1.2857,0.8571,9.4286,-2.0,0.0,0.4286,7
Trey Murphy,NOP,21.0416,1.7778,5.2222,0.3282,1.4444,3.7778,0.348,0.4444,0.5556,0.1111,0.4444,2.2222,2.6667,1.0,0.3333,0.1111,0.8889,1.7778,5.4444,-2.8889,0.0,0.4444,9
Tristan Thompson,SAC,8.6448,1.375,2.25,0.258,0.0,0.0,0.0,0.375,0.625,0.075,0.875,1.5,2.375,0.375,0.0,0.125,0.25,1.0,3.125,-3.25,0.0,0.375,8
Troy Brown,CHI,8.5003,1.125,2.75,0.182,0.5,1.375,0.1979,0.125,0.25,0.0625,0.25,0.875,1.125,0.25,0.125,0.0,0.125,0.875,2.875,0.0,0.0,0.5,8
Ty Jerome,OKC,7.7459,0.5714,2.7143,0.097,0.4286,2.0,0.1071,0.2857,0.2857,0.1429,0.0,0.5714,0.5714,0.8571,0.7143,0.0,0.2857,0.5714,1.8571,3.5714,0.0,0.4286,7
Tyler Cook,CHI,0.0,0.0,0.0,0.0,0.0,0.0,0.0,0.0,0.0,0.0,0.0,0.0,0.0,0.0,0.0,0.0,0.0,0.0,0.0,0.0,0.0,0.3333,3
Tyler Herro,MIA,31.5467,8.5714,18.1429,0.4798,2.8571,7.0,0.4167,2.4286,2.8571,0.7381,1.0,5.1429,6.1429,4.4286,0.1429,0.0,2.4286,1.1429,22.4286,11.7143,0.0,0.4286,7
Tyrese Haliburton,SAC,32.6786,5.125,11.25,0.4401,1.0,3.25,0.2686,1.875,2.25,0.6302,0.5,3.125,3.625,5.5,1.375,1.375,1.25,1.0,13.125,-2.0,1.0,0.375,8
Tyrese Maxey,PHI,32.2029,5.375,10.875,0.5155,0.75,2.375,0.2959,2.5,3.0,0.7739,0.375,2.625,3.0,4.25,0.5,0.5,1.875,2.5,14.0,6.25,1.0,0.625,8
Tyus Jones,MEM,16.6414,2.875,5.25,0.536,1.375,2.625,0.4225,0.0,0.0,0.0,0.125,2.25,2.375,3.625,0.75,0.0,0.125,0.5,7.125,-0.75,0.0,0.5,8
Udoka Azubuike,UTA,0.0,0.0,0.0,0.0,0.0,0.0,0.0,0.0,0.0,0.0,0.0,0.0,0.0,0.0,0.0,0.0,0.0,0.0,0.0,0.0,0.0,0.75,4
Udonis Haslem,MIA,0.75,0.1667,0.5,0.0833,0.0,0.1667,0.0,0.0,0.0,0.0,0.1667,0.1667,0.3333,0.0,0.0,0.0,0.0,0.1667,0.3333,-0.1667,0.0,0.3333,6
Usman Garuba,HOU,3.6576,0.2857,0.8571,0.0953,0.0,0.4286,0.0,0.0,0.0,0.0,0.4286,0.7143,1.1429,0.5714,0.1429,0.5714,0.2857,0.4286,0.5714,2.4286,0.0,0.4286,7
Vernon Carey,CHO,0.1305,0.0,0.1667,0.0,0.0,0.0,0.0,0.0,0.0,0.0,0.0,0.1667,0.1667,0.0,0.0,0.0,0.0,0.0,0.0,0.0,0.0,0.6667,6
Vit Krejci,OKC,1.8096,0.0,0.4,0.0,0.0,0.4,0.0,0.4,0.4,0.2,0.0,0.4,0.4,0.0,0.0,0.0,0.2,0.0,0.4,-0.2,0.0,0.6,5
Wayne Ellington,LAL,0.0,0.0,0.0,0.0,0.0,0.0,0.0,0.0,0.0,0.0,0.0,0.0,0.0,0.0,0.0,0.0,0.0,0.0,0.0,0.0,0.0,0.6,5
Wayne Selden,NYK,0.1381,0.0,0.0,0.0,0.0,0.0,0.0,0.0,0.0,0.0,0.0,0.0,0.0,0.0,0.0,0.0,0.0,0.0,0.0,-0.2857,0.0,0.5714,7
Wendell Carter,ORL,29.0226,5.0,9.7778,0.5064,1.3333,3.4444,0.5,1.5556,2.2222,0.5945,2.5556,7.6667,10.2222,2.3333,0.6667,0.7778,1.8889,2.8889,12.8889,-2.4444,1.0,0.3333,9
Will Barton,DEN,32.5703,6.125,12.875,0.4509,1.875,5.125,0.32,1.125,1.625,0.4688,0.625,3.5,4.125,4.125,1.375,0.75,2.0,0.875,15.25,4.75,1.0,0.375,8
Willie Cauley-Stein,DAL,11.3853,0.875,2.125,0.2812,0.0,0.125,0.0,0.0,0.0,0.0,1.0,1.875,2.875,0.625,0.25,0.0,0.25,0.625,1.75,1.0,0.0,0.5,8
Willy Hernangómez,NOP,1.1944,0.2222,0.2222,0.1111,0.0,0.0,0.0,0.4444,0.4444,0.1111,0.0,0.2222,0.2222,0.1111,0.0,0.0,0.0,0.2222,0.8889,-1.2222,0.0,0.4444,9
Xavier Tillman,MEM,11.3574,1.375,2.75,0.3178,0.125,0.875,0.125,0.375,0.625,0.1459,1.0,1.75,2.75,0.75,1.25,0.125,0.625,0.625,3.25,-4.75,0.0,0.5,8
Zach LaVine,CHI,35.1273,8.875,18.75,0.4739,2.25,6.5,0.3279,5.75,6.125,0.8031,0.5,5.0,5.5,4.375,0.5,0.375,2.625,1.625,25.75,2.375,1.0,0.5,8
Zeke Nnaji,DEN,1.2458,0.375,0.625,0.1875,0.25,0.375,0.1875,0.0,0.0,0.0,0.125,0.375,0.5,0.0,0.0,0.0,0.0,0.25,1.0,0.375,0.0,0.375,8
Ziaire Williams,MEM,18.3147,1.875,6.0,0.3505,1.25,4.25,0.3806,0.25,0.25,0.125,0.5,1.125,1.625,0.625,0.625,0.5,0.75,1.5,5.25,-2.625,0.0,0.5,8
